"Vin#","Year","Vehicle","Mileage","Drive Train","Engine Size","Price$","State","Buy Now Price","URL"
"ZARFANAN2N7660561",2022,"Alfa Romeo Giulia Trim Unspecified",41000,"AWD","2.0L",17600,"New Jersey",18100,"https://smartauctionlogin.com/ui/vehicles/2a450fb9-223a-47c6-90ea-8d33f6baf3c2"
"ZARFANBN5N7664585",2022,"Alfa Romeo Giulia Ti",53080,"AWD","2.0L",19100,"New Jersey",19700,"https://smartauctionlogin.com/ui/vehicles/ff6edb1c-fdba-459b-baf1-93163739ade2"
"1C4HJXEN6MW664965",2021,"Jeep Wrangler Unlimited Unlimited Sahara",91385,"4WD","Engine Size Unspecified",20200,"Connecticut",20800,"https://smartauctionlogin.com/ui/vehicles/4ae4897a-0f5a-4662-b863-c03d3b57c232"
"1C4RJXN62RW142032",2024,"Jeep Wrangler 4xe Sport S",30784,"4WD","2.0L",22900,"New York",23600,"https://smartauctionlogin.com/ui/vehicles/550b95fc-7bb3-4b63-b274-fd12c3d17ac5"
"1C4RJXN62RW188380",2024,"Jeep Wrangler 4xe Sport S",19188,"4WD","2.0L",24100,"Ohio",24800,"https://smartauctionlogin.com/ui/vehicles/f6f76705-1ff2-4cc1-83fe-72aaeebec4be"
"ZASPAKBN1P7D53226",2023,"Alfa Romeo Stelvio Veloce",49341,"AWD","2.0L",21200,"New York",21800,"https://smartauctionlogin.com/ui/vehicles/edc4dd1f-6d2e-49b7-866a-ea56e6b1da25"
"1C4JJXP69PW529202",2023,"Jeep Wrangler 4xe Sahara",34057,"4WD","2.0L",23300,"Connecticut",24000,"https://smartauctionlogin.com/ui/vehicles/2de19ebc-10ca-4945-83bf-40ad547fa98e"
"KL77LHE29RC103487",2024,"Chevrolet Trax LT",47299,"FWD","1.2L",16500,"New York",17000,"https://smartauctionlogin.com/ui/vehicles/e571898d-9a3f-44d9-bee3-15c654d9660a"
"ZASPAKBN6N7D29212",2022,"Alfa Romeo Stelvio Ti",29822,"AWD","2.0L",20400,"New York",21000,"https://smartauctionlogin.com/ui/vehicles/6c5c6c5c-ee14-4e4f-bb0b-f6336d3ca36e"
"1C4RJYB65N8747252",2022,"Jeep Grand Cherokee 4xe Trim Unspecified",31832,"4WD","2.0L",22000,"Massachusetts",22700,"https://smartauctionlogin.com/ui/vehicles/913d8cf4-6e74-4db0-91de-c9fd80376416"
"ZASPAKBN3N7D37235",2022,"Alfa Romeo Stelvio Veloce",58132,"AWD","2.0L",18000,"Connecticut",18500,"https://smartauctionlogin.com/ui/vehicles/da8b7f1a-83b4-44b8-9236-0ee00de07ba7"
"1C4JJXP69NW280994",2022,"Jeep Wrangler 4xe Unlimited Sahara",40181,"4WD","2.0L",22000,"New Hampshire",22700,"https://smartauctionlogin.com/ui/vehicles/2bcdcc4c-aaa9-4413-b2ef-d45185d3376c"
"ZACPDFCW2R3A11568",2024,"Dodge Hornet R/T",20278,"AWD","1.3L",18400,"Pennsylvania",19000,"https://smartauctionlogin.com/ui/vehicles/87ca751e-41f4-4229-aa12-a7fa6504da7d"
"1C4RJXR67RW162870",2024,"Jeep Wrangler 4xe Rubicon",14014,"4WD","2.0L",30600,"New Jersey",31500,"https://smartauctionlogin.com/ui/vehicles/48eceefc-095e-4bd2-9976-2d207bb948e3"
"1C6HJTAG3NL170461",2022,"Jeep Gladiator Altitude",34580,"4WD","Engine Size Unspecified",25000,"Florida",25800,"https://smartauctionlogin.com/ui/vehicles/95eb783e-beb4-4ac9-8e91-647d5933f9b6"
"ZASPATCW7R3033350",2024,"Alfa Romeo Tonale Ti",30914,"AWD","1.3L",19300,"Michigan",19900,"https://smartauctionlogin.com/ui/vehicles/482b521d-7807-49ef-bc01-868fe5bf8324"
"ZASPAKBN2P7D52411",2023,"Alfa Romeo Stelvio Veloce",54729,"AWD","2.0L",21200,"New York",21800,"https://smartauctionlogin.com/ui/vehicles/15919bbb-b0cb-477b-b2f6-bae22da8c869"
"1C4JJXP63NW275628",2022,"Jeep Wrangler 4xe Unlimited Sahara",56447,"4WD","2.0L",21600,"Nebraska",22200,"https://smartauctionlogin.com/ui/vehicles/ed4203bd-3431-4765-9eeb-d4906963a5b4"
"3TYLD5KN5RT000145",2024,"Toyota Tacoma SR",19281,"4WD","2.4L",30700,"Michigan",31600,"https://smartauctionlogin.com/ui/vehicles/8dd4e25d-394a-4f9a-9035-b7081c582770"
"1C6RRFFG2NN349702",2022,"Ram Pickup 1500 Big Horn",38950,"4WD","Engine Size Unspecified",28500,"Michigan",29400,"https://smartauctionlogin.com/ui/vehicles/8f7c3061-3feb-477d-a34e-66c48867b193"
"1C6RRFFG9NN418269",2022,"Ram Pickup 1500 Big Horn",50455,"4WD","Engine Size Unspecified",27500,"New Jersey",28300,"https://smartauctionlogin.com/ui/vehicles/e6b15677-7d0f-4a9d-b227-d556e1146b71"
"1C4HJXEN9MW851794",2021,"Jeep Wrangler Unlimited Unlimited Sahara Altitude",73788,"4WD","Engine Size Unspecified",23000,"Pennsylvania",23700,"https://smartauctionlogin.com/ui/vehicles/67030058-d4c0-4ddd-81db-0753adad117b"
"ZASPAKBN4R7D75756",2024,"Alfa Romeo Stelvio Veloce",22642,"AWD","2.0L",27500,"New York",28300,"https://smartauctionlogin.com/ui/vehicles/48de0d94-e11c-4387-a703-c058530ad0a0"
"1C4RJYB68N8756981",2022,"Jeep Grand Cherokee 4xe Trim Unspecified",42558,"4WD","2.0L",21900,"Pennsylvania",22600,"https://smartauctionlogin.com/ui/vehicles/39a950f9-cfd9-4f48-9bdf-c6b5b3944093"
"1C4RJHBG6PC560255",2023,"Jeep Grand Cherokee Limited",59944,"4WD","3.6L",23600,"Pennsylvania",24300,"https://smartauctionlogin.com/ui/vehicles/7f48ae29-938b-4162-ae4f-be50dda48a35"
"1C6RRFFG2NN385227",2022,"Ram Pickup 1500 Big Horn",69343,"4WD","Engine Size Unspecified",26500,"Ohio",27300,"https://smartauctionlogin.com/ui/vehicles/7a921c5d-c124-4c4d-bdd3-eb2763c24b60"
"1C6JJTEG7NL119377",2022,"Jeep Gladiator Mojave",38912,"4WD","3.6L",32000,"Connecticut",33000,"https://smartauctionlogin.com/ui/vehicles/2de9f91f-8c11-4fdc-bd67-c81be568af75"
"1C6RRFFGXNN454410",2022,"Ram Pickup 1500 Big Horn",31461,"4WD","Engine Size Unspecified",29400,"Michigan",30300,"https://smartauctionlogin.com/ui/vehicles/3021771b-8678-4fe5-9773-c874619e6e92"
"1C6SRFFT7NN423209",2022,"Ram Pickup 1500 Big Horn",46985,"4WD","Engine Size Unspecified",29800,"Michigan",30700,"https://smartauctionlogin.com/ui/vehicles/35d55f0f-67d6-42ca-9872-e00b1672090a"
"1C4RJKBG7P8820369",2023,"Jeep Grand Cherokee L Limited",38084,"4WD","3.6L",27100,"Michigan",27900,"https://smartauctionlogin.com/ui/vehicles/6453f8c7-a37e-4111-baa0-72cd355c7eb5"
"1C4JJXN6XPW686076",2023,"Jeep Wrangler 4xe Trim Unspecified",45112,"4WD","2.0L",21800,"Vermont",22500,"https://smartauctionlogin.com/ui/vehicles/ac914e50-464f-4514-a569-08b46f83bd61"
"1C4JJXP65PW565128",2023,"Jeep Wrangler 4xe Sahara",30066,"4WD","2.0L",24700,"New York",25400,"https://smartauctionlogin.com/ui/vehicles/1f642f91-c7f1-4e71-aaca-880cdc3b6ef9"
"1C6RRFFG1PN611552",2023,"Ram Pickup 1500 Big Horn",82152,"4WD","Engine Size Unspecified",25700,"New Jersey",26500,"https://smartauctionlogin.com/ui/vehicles/c317636c-438b-42d3-96d4-edaafb437f63"
"1C6RRFFG8NN417792",2022,"Ram Pickup 1500 Big Horn",42077,"4WD","Engine Size Unspecified",28700,"Ohio",29600,"https://smartauctionlogin.com/ui/vehicles/e75d5c81-d396-4e5c-a4fa-05659c781f13"
"1C4SJVDT9NS157903",2022,"Jeep Wagoneer Series III",44594,"4WD","5.7L",38100,"New York",39200,"https://smartauctionlogin.com/ui/vehicles/49fbc51b-3b13-4d8e-a185-7ee7d2f36f0a"
"1C4JJXP68MW851468",2021,"Jeep Wrangler 4xe Unlimited Sahara",42425,"4WD","2.0L",23000,"Pennsylvania",23700,"https://smartauctionlogin.com/ui/vehicles/07d24f39-33cc-4c54-a8b0-208828cd4b3c"
"KL77LHEP9SC160192",2025,"Chevrolet Trax LT",2465,"FWD","Engine Size Unspecified",19800,"Michigan",20400,"https://smartauctionlogin.com/ui/vehicles/2283af9e-3e06-476e-b4ec-353865c019dd"
"3C4NJDFB1NT126848",2022,"Jeep Compass Latitude Lux",41331,"4WD","2.4L",17700,"New Jersey",18200,"https://smartauctionlogin.com/ui/vehicles/e786dc47-4663-4303-af3f-43c2df9aaf1c"
"1C4PJMMN5ND527458",2022,"Jeep Cherokee Latitude Lux",27772,"4WD","Engine Size Unspecified",20300,"Michigan",20900,"https://smartauctionlogin.com/ui/vehicles/cf9b652c-75c3-404e-9913-51ba74c5aec2"
"1C4RJXR6XRW316388",2024,"Jeep Wrangler 4xe Rubicon",24658,"4WD","2.0L",30200,"Florida",31100,"https://smartauctionlogin.com/ui/vehicles/24fb318d-2efe-42e3-88de-82b7f6025af4"
"1C6RRFFG8PN512842",2023,"Ram Pickup 1500 Big Horn",59552,"4WD","Engine Size Unspecified",28200,"Michigan",29000,"https://smartauctionlogin.com/ui/vehicles/722323d7-9740-4478-b80f-e458a99e0651"
"1C4RJKAG4P8735880",2023,"Jeep Grand Cherokee L Laredo",29506,"4WD","3.6L",26200,"Massachusetts",27000,"https://smartauctionlogin.com/ui/vehicles/bbe46f2e-90fa-4ccb-b89f-7841ef695b7a"
"1C6JJTBGXPL513852",2023,"Jeep Gladiator Rubicon",47603,"4WD","Engine Size Unspecified",32300,"Pennsylvania",33300,"https://smartauctionlogin.com/ui/vehicles/6668c531-4645-49fe-9766-951b99286533"
"ZASPAKBN0P7D54531",2023,"Alfa Romeo Stelvio Veloce",47297,"AWD","2.0L",22700,"New Jersey",23400,"https://smartauctionlogin.com/ui/vehicles/f44efdd9-b508-4eb1-a8ab-195c79d0f65a"
"1C6RRFFGXNN449935",2022,"Ram Pickup 1500 Big Horn",44006,"4WD","Engine Size Unspecified",29000,"Michigan",29900,"https://smartauctionlogin.com/ui/vehicles/9c290c59-39da-46ad-9071-349901093bd8"
"1C6HJTAG2NL107190",2022,"Jeep Gladiator Sport S",35007,"4WD","Engine Size Unspecified",26200,"Connecticut",27000,"https://smartauctionlogin.com/ui/vehicles/9d5333f3-89c2-4e25-ae04-e0e00a907653"
"1C6SRFHT2PN532984",2023,"Ram Pickup 1500 Limited",37123,"4WD","Engine Size Unspecified",43500,"Pennsylvania",44800,"https://smartauctionlogin.com/ui/vehicles/7bf392a7-3602-481c-bcf4-6e25eefcac3d"
"ZASPATCW5R3047330",2024,"Alfa Romeo Tonale Ti",19148,"AWD","1.3L",21300,"New Jersey",21900,"https://smartauctionlogin.com/ui/vehicles/07325fd5-8409-497c-ae91-4a5c9e383699"
"ZASPATCW4R3053653",2024,"Alfa Romeo Tonale Ti",11264,"AWD","1.3L",22200,"New Jersey",22900,"https://smartauctionlogin.com/ui/vehicles/1ca13438-b719-41ed-a3d0-6cb3a701912d"
"3C4NJDCN5PT532410",2023,"Jeep Compass Limited",24280,"4WD","2.0L",20200,"Michigan",20800,"https://smartauctionlogin.com/ui/vehicles/3ece5928-bda1-4be2-8fe3-386e5e05a0ed"
"1C4HJXDN1MW671596",2021,"Jeep Wrangler Unlimited Unlimited Islander",86470,"4WD","Engine Size Unspecified",19200,"Florida",19800,"https://smartauctionlogin.com/ui/vehicles/5df5726c-303f-4381-beec-5f6c7d2396b2"
"1C6RRFFG4PN503779",2023,"Ram Pickup 1500 Big Horn",52797,"4WD","Engine Size Unspecified",29000,"Michigan",29900,"https://smartauctionlogin.com/ui/vehicles/9219b83f-2271-4380-b376-0a09cb355860"
"1C4JJXN68PW605401",2023,"Jeep Wrangler 4xe Trim Unspecified",26843,"4WD","2.0L",24100,"Connecticut",24800,"https://smartauctionlogin.com/ui/vehicles/03aeac6b-6201-4d53-bd6e-64c12a10a4d6"
"1C4HJXEN3NW118576",2022,"Jeep Wrangler Unlimited Unlimited Sahara",47481,"4WD","Engine Size Unspecified",28100,"Ohio",28900,"https://smartauctionlogin.com/ui/vehicles/e3d337b7-ac5a-4b35-98f1-4326fb66b1e8"
"1C6JJTEGXPL500918",2023,"Jeep Gladiator Mojave",27683,"4WD","3.6L",33800,"Ohio",34800,"https://smartauctionlogin.com/ui/vehicles/3fbdb91d-8d9b-4828-9b3a-482386a42076"
"1C6RRFFG7NN440772",2022,"Ram Pickup 1500 Big Horn",35491,"4WD","Engine Size Unspecified",30100,"Michigan",31000,"https://smartauctionlogin.com/ui/vehicles/7117ae45-5ad2-42d2-9cf3-c446f67076f9"
"ZASPATCW6R3046008",2024,"Alfa Romeo Tonale Ti",13609,"AWD","1.3L",22100,"New York",22800,"https://smartauctionlogin.com/ui/vehicles/5e01d13c-43f1-4287-9840-7afd91bdc9e9"
"1C4RJYD69P8791836",2023,"Jeep Grand Cherokee 4xe Overland",22461,"4WD","2.0L",27900,"Florida",28700,"https://smartauctionlogin.com/ui/vehicles/13d5016e-856e-4bd0-8d6c-be728fc707f5"
"1C4HJXDG9NW151343",2022,"Jeep Wrangler Unlimited Unlimited Sport S",44546,"4WD","Engine Size Unspecified",24200,"South Carolina",24900,"https://smartauctionlogin.com/ui/vehicles/e754ca58-0c41-4d0f-9da1-16d93aa2d7b8"
"JA4J3UA83NZ047849",2022,"Mitsubishi Outlander SE",67165,"FWD","2.5L",16000,"Florida",16500,"https://smartauctionlogin.com/ui/vehicles/325991d2-b0a5-4ec1-a7ce-730e9169af3b"
"1C4SJVFJ9NS118675",2022,"Jeep Grand Wagoneer Series II Obsidian",64069,"4WD","6.4L",42100,"Pennsylvania",43400,"https://smartauctionlogin.com/ui/vehicles/93cceb5e-4393-4493-aa93-bb4c2fbdeac5"
"1C4HJXDN8NW150327",2022,"Jeep Wrangler Unlimited Unlimited Sport S",30606,"4WD","Engine Size Unspecified",25400,"New York",26200,"https://smartauctionlogin.com/ui/vehicles/42a1a166-f842-4ef5-ba68-460243759417"
"ZASPAKBN7P7D55952",2023,"Alfa Romeo Stelvio Veloce",41889,"AWD","2.0L",23700,"Connecticut",24400,"https://smartauctionlogin.com/ui/vehicles/4d8e882b-9496-41b7-8f01-081bba9f8a7b"
"1C6RRFFG7RN135309",2024,"Ram Pickup 1500 Big Horn",29845,"4WD","Engine Size Unspecified",34100,"Michigan",35100,"https://smartauctionlogin.com/ui/vehicles/bd8d2d4a-6bf9-4df8-b5d0-25c0d54e032c"
"1C6RRFFG9NN401553",2022,"Ram Pickup 1500 Big Horn",38188,"4WD","Engine Size Unspecified",30300,"Michigan",31200,"https://smartauctionlogin.com/ui/vehicles/1f16d964-6341-45d4-9858-77953190ce4a"
"3C4NJDFBXNT186577",2022,"Jeep Compass Latitude Lux",30885,"4WD","2.4L",18700,"New Jersey",19300,"https://smartauctionlogin.com/ui/vehicles/a1b57557-1908-4900-bcf8-386d0259797f"
"ZASPAKBN6R7D70350",2024,"Alfa Romeo Stelvio Veloce",28056,"AWD","2.0L",28100,"Pennsylvania",28900,"https://smartauctionlogin.com/ui/vehicles/b10c7f16-426a-45e8-b54a-8220404b194a"
"1C6SRFFM7NN389099",2022,"Ram Pickup 1500 Big Horn",81120,"4WD","Engine Size Unspecified",27100,"Michigan",27900,"https://smartauctionlogin.com/ui/vehicles/5f1f549d-4bcb-4a9a-8316-f6e3ef1a1056"
"1C6RRFFG1NN406598",2022,"Ram Pickup 1500 Big Horn",50582,"4WD","Engine Size Unspecified",29400,"Michigan",30300,"https://smartauctionlogin.com/ui/vehicles/a00bcadc-f5db-46de-b9f3-d75e5e5901f0"
"1C4RJXP68RW126852",2024,"Jeep Wrangler 4xe Sahara",7074,"4WD","2.0L",29700,"New Jersey",30600,"https://smartauctionlogin.com/ui/vehicles/7bde0066-8ee9-4fe8-a8a1-fb83be098c0a"
"1FMCU9JAXPUA02821",2023,"Ford Escape Platinum",32145,"AWD","Engine Size Unspecified",21800,"Michigan",22500,"https://smartauctionlogin.com/ui/vehicles/73c4f4af-15e9-402e-98fd-1ae356802c1f"
"1C6SRFFT2NN391804",2022,"Ram Pickup 1500 Big Horn",36714,"4WD","Engine Size Unspecified",31500,"Michigan",32400,"https://smartauctionlogin.com/ui/vehicles/1ddab25b-b67d-4c36-9971-887b29b318c5"
"1C6SRFJT6NN481786",2022,"Ram Pickup 1500 Laramie",44046,"4WD","Engine Size Unspecified",35400,"Ohio",36500,"https://smartauctionlogin.com/ui/vehicles/b41ec979-c979-4d7f-9506-4c5db82648d4"
"3C4NJDCN9PT509132",2023,"Jeep Compass Limited",40997,"4WD","2.0L",19600,"Michigan",20200,"https://smartauctionlogin.com/ui/vehicles/be38bf89-a463-450d-9408-355eb05a577a"
"3TYSZ5AN1PT128541",2023,"Toyota Tacoma SR5",47037,"4WD","3.5L",28600,"Ohio",29500,"https://smartauctionlogin.com/ui/vehicles/2d1f376c-aa73-41bd-a1c2-ef50e2eda58d"
"1C6RRFBG0NN434253",2022,"Ram Pickup 1500 Big Horn",37111,"4WD","Engine Size Unspecified",27900,"Ohio",28700,"https://smartauctionlogin.com/ui/vehicles/618dc29c-502a-4c16-a188-60ca28e9fbde"
"1C4HJXDG0NW172758",2022,"Jeep Wrangler Unlimited Unlimited Willys",34347,"4WD","Engine Size Unspecified",25400,"North Carolina",26200,"https://smartauctionlogin.com/ui/vehicles/d3b67d95-74f4-4524-bb49-ebf56ce3dec7"
"3TMCZ5ANXNM478408",2022,"Toyota Tacoma SR",29061,"4WD","3.5L",30400,"Michigan",31300,"https://smartauctionlogin.com/ui/vehicles/3b2b2d5d-d838-43ed-ae1e-10acfb37e454"
"1C6RRFFG5PN570777",2023,"Ram Pickup 1500 Big Horn",27412,"4WD","Engine Size Unspecified",31600,"Ohio",32500,"https://smartauctionlogin.com/ui/vehicles/7c6f3de6-524d-496c-a9ce-e940d5a6b3e0"
"1C4JJXP63PW555293",2023,"Jeep Wrangler 4xe Sahara",15325,"4WD","2.0L",26500,"New York",27300,"https://smartauctionlogin.com/ui/vehicles/8467c781-ae68-4827-b14f-716dcb4b92e5"
"1C4RJYB61PC595776",2023,"Jeep Grand Cherokee 4xe Trim Unspecified",24269,"4WD","2.0L",24200,"New Jersey",24900,"https://smartauctionlogin.com/ui/vehicles/dc48f1fb-f4fa-4428-920c-d0d9390caaf0"
"1C6RRFFG1RN110261",2024,"Ram Pickup 1500 Big Horn",30505,"4WD","Engine Size Unspecified",34100,"Michigan",35100,"https://smartauctionlogin.com/ui/vehicles/69637e1e-0841-41c2-82d8-a5a6ec59be9b"
"1C6RRFFG2NN458418",2022,"Ram Pickup 1500 Big Horn",17114,"4WD","Engine Size Unspecified",32000,"Ohio",33000,"https://smartauctionlogin.com/ui/vehicles/a0c6a4ff-a8a7-4e38-b674-89bebd172ee2"
"1C4HJXDG0NW224339",2022,"Jeep Wrangler Unlimited Unlimited Willys Sport",47003,"4WD","Engine Size Unspecified",24000,"Florida",24700,"https://smartauctionlogin.com/ui/vehicles/1ff14caa-e84d-4e0f-b641-1f5027b3bb07"
"1C4JJXP66PW580351",2023,"Jeep Wrangler 4xe Sahara",30979,"4WD","2.0L",25800,"Wisconsin",26600,"https://smartauctionlogin.com/ui/vehicles/2f3a8e54-15f3-4f21-9880-303ee44fb727"
"1C4HJXDN9NW133861",2022,"Jeep Wrangler Unlimited Unlimited Sport S",48153,"4WD","Engine Size Unspecified",24300,"West Virginia",25000,"https://smartauctionlogin.com/ui/vehicles/73326025-060f-4398-a03f-ed81a1cd60d4"
"1C6HJTAG1NL103678",2022,"Jeep Gladiator Sport S",32966,"4WD","Engine Size Unspecified",27200,"Maryland",28000,"https://smartauctionlogin.com/ui/vehicles/0d06cbd5-c9f0-4670-be06-4dd8a3c84613"
"1C4JJXP6XNW171296",2022,"Jeep Wrangler 4xe Unlimited Sahara",24498,"4WD","2.0L",25600,"Nebraska",26400,"https://smartauctionlogin.com/ui/vehicles/f4a5f45c-2aa2-4223-98b6-5ec047d1463d"
"1C6RRFBG4NN420128",2022,"Ram Pickup 1500 Big Horn",47516,"4WD","Engine Size Unspecified",27300,"Michigan",28100,"https://smartauctionlogin.com/ui/vehicles/0108cbf5-5e90-4f73-b7d1-1eba04fdd114"
"1C6SRFJTXNN428248",2022,"Ram Pickup 1500 Laramie",34535,"4WD","Engine Size Unspecified",36800,"Michigan",37900,"https://smartauctionlogin.com/ui/vehicles/c9a27167-67e3-4304-8a32-a124e6cebdb7"
"1C6RREFT9NN185078",2022,"Ram Pickup 1500 Big Horn",37296,"RWD","Engine Size Unspecified",29600,"Florida",30500,"https://smartauctionlogin.com/ui/vehicles/34225f40-be6a-44b8-8a53-ca8881e6f042"
"1C4JJXP69NW275617",2022,"Jeep Wrangler 4xe Unlimited Sahara",24416,"4WD","2.0L",25700,"Nebraska",26500,"https://smartauctionlogin.com/ui/vehicles/08343593-0f5d-4420-9339-9e03100e7dc4"
"1C6HJTAG6NL132058",2022,"Jeep Gladiator Altitude",27022,"4WD","Engine Size Unspecified",27600,"Ohio",28400,"https://smartauctionlogin.com/ui/vehicles/49dfb5af-42fe-4806-ba0a-90b4c45a6328"
"1C6SRFFT7NN448286",2022,"Ram Pickup 1500 Big Horn",53683,"4WD","Engine Size Unspecified",30900,"Ohio",31800,"https://smartauctionlogin.com/ui/vehicles/6cd2093e-6bb7-4aa4-b039-0f1f1a895646"
"3C4NJDFN0PT519785",2023,"Jeep Compass Latitude Lux",27330,"4WD","2.0L",20000,"Michigan",20600,"https://smartauctionlogin.com/ui/vehicles/1592b48d-8806-4f3b-8a0d-4bcce26ade22"
"1C4RJYD67P8891899",2023,"Jeep Grand Cherokee 4xe Overland",20151,"4WD","2.0L",28800,"Pennsylvania",29700,"https://smartauctionlogin.com/ui/vehicles/390b936a-4978-4b9a-a315-05618fadb0fd"
"1C4RJXN68RW166044",2024,"Jeep Wrangler 4xe Willys",30603,"4WD","2.0L",25400,"New Jersey",26200,"https://smartauctionlogin.com/ui/vehicles/2393e098-42be-445d-84d0-8552efe0bdf2"
"1C4HJXEG1MW717220",2021,"Jeep Wrangler Unlimited Unlimited Sahara",61155,"4WD","Engine Size Unspecified",24800,"Massachusetts",25500,"https://smartauctionlogin.com/ui/vehicles/85a926e8-2d89-411b-877c-b500305d330e"
"3C4NJDCN2PT504886",2023,"Jeep Compass Limited",16848,"4WD","2.0L",21500,"Michigan",22100,"https://smartauctionlogin.com/ui/vehicles/82e9444f-ace4-4d41-988f-9241ee31de5b"
"1C4HJXEG8NW132250",2022,"Jeep Wrangler Unlimited Unlimited Sahara Altitude",31458,"4WD","Engine Size Unspecified",30100,"Connecticut",31000,"https://smartauctionlogin.com/ui/vehicles/53c16e96-39a1-4784-bc2e-e9225ce6c62c"
"3C4NJDFN6PT533111",2023,"Jeep Compass Latitude Lux",29097,"4WD","2.0L",20100,"Michigan",20700,"https://smartauctionlogin.com/ui/vehicles/88655633-0268-4e0e-9411-9a67b05872f2"
"3C4NJDCN3PT536956",2023,"Jeep Compass Limited",28158,"4WD","2.0L",20800,"Michigan",21400,"https://smartauctionlogin.com/ui/vehicles/db415488-c404-4135-8328-76375602949c"
"1C4HJXEG1NW265495",2022,"Jeep Wrangler Unlimited Unlimited Sahara Altitude",60672,"4WD","Engine Size Unspecified",27800,"Michigan",28600,"https://smartauctionlogin.com/ui/vehicles/94c5720d-7818-42fc-bc6e-441731935a17"
"1C4RJKBGXN8552396",2022,"Jeep Grand Cherokee L Limited",32336,"4WD","3.6L",26900,"New Jersey",27700,"https://smartauctionlogin.com/ui/vehicles/a7de1459-291c-4575-a287-ae59b4818cf7"
"ZASPATCW1R3051259",2024,"Alfa Romeo Tonale Ti",12083,"AWD","1.3L",22800,"Connecticut",23500,"https://smartauctionlogin.com/ui/vehicles/7ed4bc37-fb95-452e-a275-fc48eb9ab155"
"1C6RRFFG5NN300512",2022,"Ram Pickup 1500 Big Horn",31610,"4WD","Engine Size Unspecified",31300,"Florida",32200,"https://smartauctionlogin.com/ui/vehicles/490ea89e-33ef-4b2f-9dab-01b81916498b"
"ZASPAKBN2N7D45343",2022,"Alfa Romeo Stelvio Ti",15907,"AWD","2.0L",23800,"New Jersey",24500,"https://smartauctionlogin.com/ui/vehicles/b6f06bd5-1050-43fe-a2f7-0bd4ccdcc0f4"
"1C4HJXDG7NW125873",2022,"Jeep Wrangler Unlimited Unlimited Sport S",30399,"4WD","Engine Size Unspecified",26200,"Nebraska",27000,"https://smartauctionlogin.com/ui/vehicles/38bddb82-b8ba-4996-b7b3-9cfc77a480f3"
"3C4NJDFB5NT193808",2022,"Jeep Compass Latitude Lux",25352,"4WD","2.4L",19600,"New York",20200,"https://smartauctionlogin.com/ui/vehicles/8d0278d2-4a4a-4a01-9c6b-46069fa21bb9"
"3C4NJDBB3NT224432",2022,"Jeep Compass Latitude",38008,"4WD","2.4L",18100,"Michigan",18600,"https://smartauctionlogin.com/ui/vehicles/b774a3fa-9c4f-4b20-baa5-1c7db49baf7c"
"1C4HJXEG7NW167667",2022,"Jeep Wrangler Unlimited Unlimited Sahara",62859,"4WD","Engine Size Unspecified",27900,"Wisconsin",28700,"https://smartauctionlogin.com/ui/vehicles/6b7b48d4-392d-4f23-9b46-51e8a91edf8b"
"3C4NJDFB0NT219019",2022,"Jeep Compass Latitude Lux",33429,"4WD","2.4L",19100,"Michigan",19700,"https://smartauctionlogin.com/ui/vehicles/2ec98a14-512d-4544-8bb1-0efb3ad2773f"
"1C4JJXP60PW672605",2023,"Jeep Wrangler 4xe Sahara",30286,"4WD","2.0L",26300,"Massachusetts",27100,"https://smartauctionlogin.com/ui/vehicles/05363cd9-7c4b-49e0-914e-e8f697f814ee"
"1C4HJXDG8NW134758",2022,"Jeep Wrangler Unlimited Unlimited Sport S",25492,"4WD","Engine Size Unspecified",26700,"Massachusetts",27500,"https://smartauctionlogin.com/ui/vehicles/cbadbba6-0b48-4269-8059-f806fdf33837"
"1C6SRFFTXPN575634",2023,"Ram Pickup 1500 Big Horn",77129,"4WD","Engine Size Unspecified",29600,"Michigan",30500,"https://smartauctionlogin.com/ui/vehicles/4799cada-0c38-48c3-acf0-5473eedff0e0"
"1C4PJMBX3ND549236",2022,"Jeep Cherokee Trailhawk",32182,"4WD","3.2L",22400,"New York",23100,"https://smartauctionlogin.com/ui/vehicles/9987193c-812f-4437-9229-27351402625f"
"ZASPATDW6R3039218",2024,"Alfa Romeo Tonale Veloce",9560,"AWD","1.3L",24500,"Ohio",25200,"https://smartauctionlogin.com/ui/vehicles/4f76d16a-5562-462e-b830-bd0af09b4e3d"
"1C6RRFFG6NN402305",2022,"Ram Pickup 1500 Big Horn",20756,"4WD","Engine Size Unspecified",32600,"Michigan",33600,"https://smartauctionlogin.com/ui/vehicles/afdad8ed-eafa-46e2-a49e-1f924eb76049"
"1C6RRFFG7NN348562",2022,"Ram Pickup 1500 Big Horn",26195,"4WD","Engine Size Unspecified",32100,"Michigan",33100,"https://smartauctionlogin.com/ui/vehicles/cc878ebf-d60b-4989-a88b-2e51f4622b19"
"ZASPAKBN6P7D54095",2023,"Alfa Romeo Stelvio Ti",18704,"AWD","2.0L",26800,"New York",27600,"https://smartauctionlogin.com/ui/vehicles/e1ad6e5e-06bb-4e70-8a1c-82b9387b2088"
"1C4JJXP62NW111755",2022,"Jeep Wrangler 4xe Unlimited Sahara",31364,"4WD","2.0L",25700,"Nebraska",26500,"https://smartauctionlogin.com/ui/vehicles/7408608e-3b0d-4610-8e52-d00fca20e896"
"1C4PJXDN4RW104849",2024,"Jeep Wrangler Unlimited Sport S",27934,"4WD","Engine Size Unspecified",28300,"Ohio",29100,"https://smartauctionlogin.com/ui/vehicles/eb28dde7-f6e2-4dbf-adcb-7be584d79c10"
"1C4SJSDP5PS502560",2023,"Jeep Wagoneer L Series III",43471,"4WD","Engine Size Unspecified",46800,"Michigan",48200,"https://smartauctionlogin.com/ui/vehicles/de13244c-0db1-426f-806c-60fea96242f1"
"3C4NJDCB4NT191066",2022,"Jeep Compass Limited",26683,"4WD","2.4L",20200,"Ohio",20800,"https://smartauctionlogin.com/ui/vehicles/6ca1ce87-bd69-4db5-9bf9-351dfe6a3e9c"
"1C4HJXEG9PW606399",2023,"Jeep Wrangler Unlimited Sahara",10415,"4WD","Engine Size Unspecified",32900,"Ohio",33900,"https://smartauctionlogin.com/ui/vehicles/b9ba429c-77b4-4a00-8f5c-5fe17eb0234f"
"1C4HJXDG9NW175416",2022,"Jeep Wrangler Unlimited Unlimited Sport S",24238,"4WD","Engine Size Unspecified",26500,"Pennsylvania",27300,"https://smartauctionlogin.com/ui/vehicles/aec950c6-3ab6-4cf9-951a-76e0ea5af1a0"
"5TFLA5DB6PX113486",2023,"Toyota Tundra SR5",30793,"4WD","3.4L",39400,"Pennsylvania",40600,"https://smartauctionlogin.com/ui/vehicles/bc47cba0-875d-4fa2-b843-664c9f6f5f7f"
"1C6RR7GG2NS176513",2022,"Ram 1500 Classic Warlock",19495,"4WD","Engine Size Unspecified",28200,"Missouri",29000,"https://smartauctionlogin.com/ui/vehicles/2ca21382-392a-431d-8769-2331ac4708cf"
"3C4NJDCN9PT520504",2023,"Jeep Compass Limited",27392,"4WD","2.0L",21100,"Michigan",21700,"https://smartauctionlogin.com/ui/vehicles/290c3d9b-2458-4d64-9076-0505c6826505"
"3C4NJDFB7NT172409",2022,"Jeep Compass Latitude Lux",54759,"4WD","2.4L",18200,"Michigan",18700,"https://smartauctionlogin.com/ui/vehicles/c0fba42e-5e23-4219-9cc8-1cf970f9c0dc"
"1C4RJFAGXNC162999",2022,"Jeep Grand Cherokee WK Laredo E",39610,"4WD","3.6L",22300,"Pennsylvania",23000,"https://smartauctionlogin.com/ui/vehicles/53eaaa1b-f529-4582-81b3-164bf6157197"
"1C6RRFFG2NN343821",2022,"Ram Pickup 1500 Big Horn",19545,"4WD","Engine Size Unspecified",32800,"Michigan",33800,"https://smartauctionlogin.com/ui/vehicles/278223e0-bfa1-4b84-bbdc-9c527d662c0f"
"1C4RJXP62RW146613",2024,"Jeep Wrangler 4xe Sahara",35742,"4WD","2.0L",28000,"Pennsylvania",28800,"https://smartauctionlogin.com/ui/vehicles/c91b8343-2cc6-4a0a-afd5-daf618002b2f"
"1C4RJXN60RW146922",2024,"Jeep Wrangler 4xe Willys",30380,"4WD","2.0L",26100,"Pennsylvania",26900,"https://smartauctionlogin.com/ui/vehicles/0ecdd885-feb7-4021-8b4a-17054051ece5"
"1C4HJXEG6PW535145",2023,"Jeep Wrangler Unlimited Sahara",9152,"4WD","Engine Size Unspecified",33000,"Minnesota",34000,"https://smartauctionlogin.com/ui/vehicles/e53b111a-7d12-450f-bb06-f76ca3357397"
"1C4JJXR61NW206336",2022,"Jeep Wrangler Unlimited Unlimited Rubicon",43707,"4WD","2.0L",26700,"Minnesota",27500,"https://smartauctionlogin.com/ui/vehicles/0326ed5d-9425-4581-95d3-4a7ae70e83fe"
"1C4HJXDG4NW180216",2022,"Jeep Wrangler Unlimited Unlimited Sport S",37433,"4WD","Engine Size Unspecified",25600,"Florida",26400,"https://smartauctionlogin.com/ui/vehicles/03edf48c-a457-41d0-8788-be21d2c75046"
"1C4HJXEG6MW770897",2021,"Jeep Wrangler Unlimited Unlimited Sahara High Altitude",52464,"4WD","Engine Size Unspecified",26800,"Connecticut",27600,"https://smartauctionlogin.com/ui/vehicles/3663fbaa-30bc-4eca-beef-12e42991eee9"
"ZASPAKBN6P7D54727",2023,"Alfa Romeo Stelvio Ti",37708,"AWD","2.0L",25300,"Michigan",26100,"https://smartauctionlogin.com/ui/vehicles/c85d0941-36a4-4b52-86df-1092b8930a1d"
"ZASPAKBN1P7D53744",2023,"Alfa Romeo Stelvio Ti",55301,"AWD","2.0L",23500,"New York",24200,"https://smartauctionlogin.com/ui/vehicles/aa1454b6-285b-4863-a646-4924af36ad5a"
"1C6SRFJT1NN458125",2022,"Ram Pickup 1500 Laramie",28538,"4WD","Engine Size Unspecified",38600,"Michigan",39800,"https://smartauctionlogin.com/ui/vehicles/58c75639-96b7-411c-a38b-3792569ad6a5"
"3C4NJDCN2PT518836",2023,"Jeep Compass Limited",13388,"4WD","2.0L",22300,"Michigan",23000,"https://smartauctionlogin.com/ui/vehicles/b165333a-9080-47c0-b301-204f52d87ff9"
"1C4HJXDN2NW253498",2022,"Jeep Wrangler Unlimited Unlimited Sport",42464,"4WD","Engine Size Unspecified",25200,"Wisconsin",26000,"https://smartauctionlogin.com/ui/vehicles/58b570d1-b2ac-4110-80db-8aef1555a88d"
"1C6SRFJT6PN548096",2023,"Ram Pickup 1500 Laramie",27839,"4WD","Engine Size Unspecified",40900,"Michigan",42100,"https://smartauctionlogin.com/ui/vehicles/2348e15d-d21f-4aa7-b481-c94adfde6dd9"
"1C4SJVAT5NS205921",2022,"Jeep Wagoneer Series I",32534,"4WD","5.7L",37100,"New Jersey",38200,"https://smartauctionlogin.com/ui/vehicles/05135ad2-f02b-4234-ac94-79fa91f64d0c"
"1C6SRFJT5PN529698",2023,"Ram Pickup 1500 Laramie",41252,"4WD","Engine Size Unspecified",40300,"Michigan",41500,"https://smartauctionlogin.com/ui/vehicles/3c6ecb8d-26d8-4621-aad1-d679dc770bcb"
"1C4HJXEG1NW247627",2022,"Jeep Wrangler Unlimited Unlimited Sahara",39834,"4WD","Engine Size Unspecified",30800,"Michigan",31700,"https://smartauctionlogin.com/ui/vehicles/e778141e-b669-4172-80f3-f8468eab62c4"
"1C4HJXDG3NW176853",2022,"Jeep Wrangler Unlimited Unlimited Sport S",22627,"4WD","Engine Size Unspecified",27000,"Connecticut",27800,"https://smartauctionlogin.com/ui/vehicles/547c5c6e-7a46-4284-a686-5476a86a9598"
"3C4NJDFB5NT202474",2022,"Jeep Compass Latitude Lux",16365,"4WD","2.4L",20700,"Connecticut",21300,"https://smartauctionlogin.com/ui/vehicles/a997f7e5-8d56-4292-b81c-3cb9525b5c7c"
"1C6RRFFG0PN521700",2023,"Ram Pickup 1500 Big Horn",34172,"4WD","Engine Size Unspecified",33300,"Michigan",34300,"https://smartauctionlogin.com/ui/vehicles/4e39e276-4253-48f2-943d-b715f44d9a9a"
"1C4RJHDG2N8628287",2022,"Jeep Grand Cherokee Overland",34897,"4WD","Engine Size Unspecified",31000,"Michigan",31900,"https://smartauctionlogin.com/ui/vehicles/dcb91d14-da8d-4128-9cf0-1654610ba2a3"
"1C4PJMBX7ND541172",2022,"Jeep Cherokee Trailhawk",30903,"4WD","3.2L",22900,"Florida",23600,"https://smartauctionlogin.com/ui/vehicles/a4bd6153-85a4-44b3-9bfd-122f7acc11e2"
"1C6SRFFT6PN574934",2023,"Ram Pickup 1500 Big Horn",38586,"4WD","Engine Size Unspecified",33600,"Illinois",34600,"https://smartauctionlogin.com/ui/vehicles/88f52102-bb33-4e3f-a204-98833364f934"
"1C4RJFAG8NC162967",2022,"Jeep Grand Cherokee WK Laredo E",46271,"4WD","3.6L",22100,"Pennsylvania",22800,"https://smartauctionlogin.com/ui/vehicles/4a6ce94b-9c28-452b-a119-6e4601b01c5a"
"1C4RJKBGXN8512707",2022,"Jeep Grand Cherokee L Limited",49775,"4WD","3.6L",26500,"Michigan",27300,"https://smartauctionlogin.com/ui/vehicles/da09f11a-c164-4f26-bd74-ca91a311dcf9"
"3VV8B7AX5NM130296",2022,"Volkswagen Tiguan SE R-Line Black",36117,"AWD","2.0L",21500,"New Jersey",22100,"https://smartauctionlogin.com/ui/vehicles/bcb87b33-294b-421b-b239-c169dc1ebab6"
"5TFKB5DB8PX106113",2023,"Toyota Tundra SR",28703,"4WD","3.4L",35400,"Ohio",36500,"https://smartauctionlogin.com/ui/vehicles/830b3d78-19f2-403f-8ede-806227b41617"
"ZARFAMBN7P7666691",2023,"Alfa Romeo Giulia Veloce",19361,"RWD","2.0L",25800,"Florida",26600,"https://smartauctionlogin.com/ui/vehicles/a44e7020-dc10-471f-864a-6543cae5901b"
"3TMCZ5AN3PM547085",2023,"Toyota Tacoma SR",19134,"4WD","3.5L",32100,"Ohio",33100,"https://smartauctionlogin.com/ui/vehicles/903c42ac-0664-4b6b-af20-ac8801547f32"
"1GCRDKEK5PZ248283",2023,"Chevrolet Silverado 1500 LT",41036,"4WD","2.7L",30400,"Ohio",31300,"https://smartauctionlogin.com/ui/vehicles/09784452-c2af-4c44-8f7c-37472d1786a5"
"1C4JJXR67NW108072",2022,"Jeep Wrangler Unlimited Unlimited Rubicon",33977,"4WD","2.0L",27900,"Missouri",28700,"https://smartauctionlogin.com/ui/vehicles/5425b6b1-356d-468f-9c99-5f23b95fc223"
"1C6SRFJT8NN385710",2022,"Ram Pickup 1500 Laramie",35114,"4WD","Engine Size Unspecified",38200,"Michigan",39300,"https://smartauctionlogin.com/ui/vehicles/cf1b3348-a47a-4e46-88af-e8be4f2ee9c5"
"1C4RJHBG9P8847771",2023,"Jeep Grand Cherokee Limited",33512,"4WD","3.6L",29000,"Michigan",29900,"https://smartauctionlogin.com/ui/vehicles/a726587f-3a54-490b-935d-d83e0ddbd486"
"1C4JJXR60MW753998",2021,"Jeep Wrangler Unlimited Unlimited Rubicon",19558,"4WD","2.0L",28500,"Indiana",29400,"https://smartauctionlogin.com/ui/vehicles/34eca37e-263b-4627-a64a-09331cf6cbe1"
"1C4HJXDGXMW856649",2021,"Jeep Wrangler Unlimited Unlimited Willys",46442,"4WD","Engine Size Unspecified",24300,"Massachusetts",25000,"https://smartauctionlogin.com/ui/vehicles/177e89f5-51a3-4c50-85b3-f459888ddf13"
"1C4HJXDNXMW773740",2021,"Jeep Wrangler Unlimited Unlimited Willys Sport",41975,"4WD","Engine Size Unspecified",24200,"South Carolina",24900,"https://smartauctionlogin.com/ui/vehicles/866b69cb-c086-4d75-93a2-2f09e86d4e0b"
"1C4HJXDG9NW141704",2022,"Jeep Wrangler Unlimited Unlimited Sport S",45374,"4WD","Engine Size Unspecified",25900,"Michigan",26700,"https://smartauctionlogin.com/ui/vehicles/f1a26414-6f2f-4c57-b5d7-1eb25d03ebe6"
"3TMCZ5AN8PM553237",2023,"Toyota Tacoma TRD Sport",23435,"4WD","3.5L",36000,"Ohio",37100,"https://smartauctionlogin.com/ui/vehicles/a2f39cc8-710e-47e6-81a7-e118e8752991"
"1C6SRFJT2PN537614",2023,"Ram Pickup 1500 Laramie",37789,"4WD","Engine Size Unspecified",40800,"Michigan",42000,"https://smartauctionlogin.com/ui/vehicles/967915c1-d0f5-4ee1-b7ca-ca8dd0ef2f4d"
"KL77LJE21RC095974",2024,"Chevrolet Trax 2RS",23776,"FWD","1.2L",21400,"Michigan",22000,"https://smartauctionlogin.com/ui/vehicles/991ce7b6-d9af-4bf1-96e3-24036c0e0f1c"
"1C6SRFRT2MN611940",2021,"Ram Pickup 1500 Laramie",61520,"4WD","Engine Size Unspecified",31300,"Ohio",32200,"https://smartauctionlogin.com/ui/vehicles/930b1733-c88b-421d-9764-5da16e389ccd"
"1C4RJKAGXP8872998",2023,"Jeep Grand Cherokee L Altitude",41785,"4WD","3.6L",27500,"New York",28300,"https://smartauctionlogin.com/ui/vehicles/67243cd8-038b-4852-95e9-ce55018718ad"
"1C4RJKAG9P8851964",2023,"Jeep Grand Cherokee L Altitude",18836,"4WD","3.6L",29500,"Pennsylvania",30400,"https://smartauctionlogin.com/ui/vehicles/8720b4a4-4ed9-4f2f-9838-1ea0a0d67016"
"1C4RJKBG4P8832639",2023,"Jeep Grand Cherokee L Limited",26376,"4WD","3.6L",31100,"Wisconsin",32000,"https://smartauctionlogin.com/ui/vehicles/6727e561-5bd1-4a71-9c3c-4676484d5f3c"
"3C4NJDCBXNT204239",2022,"Jeep Compass Limited",38090,"4WD","2.4L",20000,"Michigan",20600,"https://smartauctionlogin.com/ui/vehicles/11a33704-eecb-49c5-9dfb-208e37e755fd"
"5TFLA5DB5RX130072",2024,"Toyota Tundra SR5",30043,"4WD","3.4L",42600,"Michigan",43900,"https://smartauctionlogin.com/ui/vehicles/aa70033a-c848-486b-89ad-0865e2b8915a"
"KL47LCE25RB125816",2024,"Buick Envista Avenir",37523,"FWD","1.2L",23100,"Michigan",23800,"https://smartauctionlogin.com/ui/vehicles/3fb3622f-a503-4785-944f-b01adbca8ea5"
"1C4HJXDG1LW342526",2020,"Jeep Wrangler Unlimited Sport S",84151,"4WD","Engine Size Unspecified",19800,"Florida",20400,"https://smartauctionlogin.com/ui/vehicles/78d725e2-6ca5-4082-9613-2b88e265ce6a"
"1C4GJXAG4NW169104",2022,"Jeep Wrangler Sport S",28800,"4WD","Engine Size Unspecified",23500,"Wisconsin",24200,"https://smartauctionlogin.com/ui/vehicles/14d48057-344b-4b55-bd0c-e8700cd6d8e7"
"1C6SRFFT7NN449194",2022,"Ram Pickup 1500 Big Horn",37054,"4WD","Engine Size Unspecified",34000,"Michigan",35000,"https://smartauctionlogin.com/ui/vehicles/723ee0c4-7c12-4258-9b3a-1a1ba4a50914"
"1C6RR7GG7NS175485",2022,"Ram 1500 Classic Warlock",42809,"4WD","Engine Size Unspecified",27100,"New York",27900,"https://smartauctionlogin.com/ui/vehicles/16fe44b5-e7ca-46aa-b6a5-ec6f04503c0e"
"1C4SJVBT9NS102919",2022,"Jeep Wagoneer Series II",41514,"4WD","5.7L",38900,"North Carolina",40100,"https://smartauctionlogin.com/ui/vehicles/d1d5822d-bb11-4be3-af46-a3132da8ae49"
"1C4HJXFG2PW585250",2023,"Jeep Wrangler Unlimited Rubicon",24595,"4WD","Engine Size Unspecified",37000,"Michigan",38100,"https://smartauctionlogin.com/ui/vehicles/f93070b3-36c7-45bd-8526-998eefe26d57"
"1C6SRFJT2NN454214",2022,"Ram Pickup 1500 Laramie",32721,"4WD","Engine Size Unspecified",39100,"Michigan",40300,"https://smartauctionlogin.com/ui/vehicles/66054b70-df99-40a0-9953-a3629b4930d3"
"1C4HJXDM2NW132414",2022,"Jeep Wrangler Unlimited Unlimited Willys",45882,"4WD","Engine Size Unspecified",26600,"Michigan",27400,"https://smartauctionlogin.com/ui/vehicles/3cd43f34-95d9-4109-aaa7-0204ceab715c"
"1C4RJXU66RW162897",2024,"Jeep Wrangler 4xe High Altitude",3392,"4WD","2.0L",41000,"Pennsylvania",42200,"https://smartauctionlogin.com/ui/vehicles/b88d2d3b-cc74-4451-bdfd-58394e54e3bc"
"3C4NJDCN6PT502655",2023,"Jeep Compass Limited",18529,"4WD","2.0L",22700,"Michigan",23400,"https://smartauctionlogin.com/ui/vehicles/0274cc41-59ce-4510-98f9-8736f7149452"
"1C4RJHBG4PC519428",2023,"Jeep Grand Cherokee Limited",26049,"4WD","3.6L",29800,"Missouri",30700,"https://smartauctionlogin.com/ui/vehicles/05c255dd-ba31-46a9-8f58-64e408d9996e"
"1C4RJHAG8PC544351",2023,"Jeep Grand Cherokee Laredo",48437,"4WD","3.6L",26000,"Florida",26800,"https://smartauctionlogin.com/ui/vehicles/86c0ca97-cb7f-438d-8045-ac296fa6702c"
"1C4HJXDG6NW240903",2022,"Jeep Wrangler Unlimited Unlimited Sport S",31266,"4WD","Engine Size Unspecified",27700,"Connecticut",28500,"https://smartauctionlogin.com/ui/vehicles/634880da-6386-4ff6-92bd-b3c577c13ae8"
"1C6SRFFT4NN130318",2022,"Ram Pickup 1500 Big Horn",41715,"4WD","Engine Size Unspecified",33900,"Ohio",34900,"https://smartauctionlogin.com/ui/vehicles/14059a6f-9bf5-4250-9fcf-eaad4c4c0a0c"
"1C6SRFFT7PN580595",2023,"Ram Pickup 1500 Big Horn",45365,"4WD","Engine Size Unspecified",34300,"Michigan",35300,"https://smartauctionlogin.com/ui/vehicles/2a527c0e-4e52-4805-b662-2212d51645fd"
"1C4RJHAG4PC524727",2023,"Jeep Grand Cherokee Laredo",26971,"4WD","3.6L",28300,"New York",29100,"https://smartauctionlogin.com/ui/vehicles/b68a2088-7299-4d30-9ff1-ce859965b752"
"1C4HJXDG6PW608063",2023,"Jeep Wrangler Unlimited Willys Sport",11269,"4WD","Engine Size Unspecified",30200,"Ohio",31100,"https://smartauctionlogin.com/ui/vehicles/761c7427-7e98-43ad-9afe-fb6815afc608"
"1C4HJXDG6PW531050",2023,"Jeep Wrangler Unlimited Sport Altitude",33333,"4WD","Engine Size Unspecified",27900,"Connecticut",28700,"https://smartauctionlogin.com/ui/vehicles/7cce7874-a4ad-4c53-bea6-b27b11bc3f15"
"1C4HJXDN4PW597403",2023,"Jeep Wrangler Unlimited Sport S",17014,"4WD","Engine Size Unspecified",29200,"Ohio",30100,"https://smartauctionlogin.com/ui/vehicles/04bde8a8-c5e5-494d-ab7b-c4d6e72074fe"
"1C4RJYE69N8747444",2022,"Jeep Grand Cherokee 4xe Summit",23705,"4WD","2.0L",33200,"Ohio",34200,"https://smartauctionlogin.com/ui/vehicles/a4dca46e-445a-4061-a180-e72445058d6d"
"1C6RR7GG4NS189859",2022,"Ram 1500 Classic Warlock",14810,"4WD","Engine Size Unspecified",30300,"New York",31200,"https://smartauctionlogin.com/ui/vehicles/e4195207-167e-47be-9557-a8368678d6e6"
"3C4NJDCB7NT209513",2022,"Jeep Compass Limited",11712,"4WD","2.4L",22200,"Michigan",22900,"https://smartauctionlogin.com/ui/vehicles/ddb91dab-835a-4615-8bc7-12475e709f16"
"1C4HJXDG7PW502298",2023,"Jeep Wrangler Unlimited Sport S",21622,"4WD","Engine Size Unspecified",29300,"Illinois",30200,"https://smartauctionlogin.com/ui/vehicles/e3ea567a-34c7-4af7-8e61-4dc213cfaa47"
"1C4PJXDN9RW197688",2024,"Jeep Wrangler Unlimited Willys",36397,"4WD","Engine Size Unspecified",29700,"Michigan",30600,"https://smartauctionlogin.com/ui/vehicles/40ba25a0-0147-4a10-b3f2-e46b6e2e1609"
"1C6SRFFT0PN537538",2023,"Ram Pickup 1500 Big Horn",19728,"4WD","Engine Size Unspecified",36900,"Michigan",38000,"https://smartauctionlogin.com/ui/vehicles/74c596ab-e5ec-4807-b989-74bf60a9dc26"
"1GNSKTKL8NR268980",2022,"Chevrolet Tahoe High Country",51782,"4WD","Engine Size Unspecified",52000,"Connecticut",53600,"https://smartauctionlogin.com/ui/vehicles/29449e27-2157-416a-9e78-a1f70668855d"
"1C4JJXP61PW553073",2023,"Jeep Wrangler 4xe Sahara High Altitude",35789,"4WD","2.0L",27400,"Pennsylvania",28200,"https://smartauctionlogin.com/ui/vehicles/9ddc2dbf-38d1-415c-9565-05c0ba0209e8"
"1C4RJYE61N8764965",2022,"Jeep Grand Cherokee 4xe Summit",21101,"4WD","2.0L",33500,"Michigan",34500,"https://smartauctionlogin.com/ui/vehicles/b7736cd6-083f-4d9a-86c9-03b40f00c0ce"
"1C4RJKBG7N8635638",2022,"Jeep Grand Cherokee L Limited",33128,"4WD","3.6L",29600,"New York",30500,"https://smartauctionlogin.com/ui/vehicles/bbcba4fe-14fc-45ea-9bea-71e9f021c113"
"1C4HJXDN9PW594657",2023,"Jeep Wrangler Unlimited Freedom",18676,"4WD","Engine Size Unspecified",29300,"Wisconsin",30200,"https://smartauctionlogin.com/ui/vehicles/9cfa50eb-5fe6-4cd9-b74a-1237b716e292"
"1C4HJXDG1NW180948",2022,"Jeep Wrangler Unlimited Unlimited Sport S",37942,"4WD","Engine Size Unspecified",27200,"Rhode Island",28000,"https://smartauctionlogin.com/ui/vehicles/5ba7cb76-2d20-419c-b09e-e1fe430340cf"
"1C6SRFFTXNN439971",2022,"Ram Pickup 1500 Big Horn",29559,"4WD","Engine Size Unspecified",36000,"Michigan",37100,"https://smartauctionlogin.com/ui/vehicles/4d57059c-ffbb-4520-bccb-94353264658c"
"1C4HJXDG0NW159069",2022,"Jeep Wrangler Unlimited Unlimited Willys",31956,"4WD","Engine Size Unspecified",28700,"Ohio",29600,"https://smartauctionlogin.com/ui/vehicles/cdd3ba60-acf0-4341-a910-1c99d81974e2"
"7SAYGAEE1RF182348",2024,"Tesla Model Y Long Range",8356,"AWD","Engine Size Unspecified",35200,"Connecticut",36300,"https://smartauctionlogin.com/ui/vehicles/db81eb04-8462-4808-900e-8b1c2be90d66"
"1C4HJXDG5NW200909",2022,"Jeep Wrangler Unlimited Unlimited Willys Sport",28849,"4WD","Engine Size Unspecified",27400,"Rhode Island",28200,"https://smartauctionlogin.com/ui/vehicles/2360e714-31d3-47e9-b9ac-b1eb91a0d211"
"1C4JJXFG2MW846292",2021,"Jeep Wrangler Unlimited Unlimited Rubicon",26471,"4WD","Engine Size Unspecified",35400,"Illinois",36500,"https://smartauctionlogin.com/ui/vehicles/7cfd16b7-1578-4612-b346-cbd20f837cca"
"1C6SRFFT1NN352797",2022,"Ram Pickup 1500 Big Horn",27498,"4WD","Engine Size Unspecified",35900,"Michigan",37000,"https://smartauctionlogin.com/ui/vehicles/6d4bfb30-6a11-4715-b6e4-6a97d23314bd"
"1C6SRFFT5NN447590",2022,"Ram Pickup 1500 Big Horn",24882,"4WD","Engine Size Unspecified",36200,"Michigan",37300,"https://smartauctionlogin.com/ui/vehicles/75bebb30-2efb-4dc3-8da2-e6021a8d7e15"
"5XYP6DGC2PG347306",2023,"Kia Telluride S",30749,"AWD","3.8L",31500,"Massachusetts",32400,"https://smartauctionlogin.com/ui/vehicles/eac16d67-71d6-4399-a9b9-51053b220545"
"1C4HJXDGXNW249894",2022,"Jeep Wrangler Unlimited Unlimited Sport S",22384,"4WD","Engine Size Unspecified",29700,"Michigan",30600,"https://smartauctionlogin.com/ui/vehicles/2e7669b1-fe55-4f4e-9a75-99375d2793ab"
"1C4HJXDG6NW207223",2022,"Jeep Wrangler Unlimited Unlimited Willys Sport",101251,"4WD","Engine Size Unspecified",22000,"Michigan",22700,"https://smartauctionlogin.com/ui/vehicles/bfb7e2ee-2c0d-41a2-ba42-bafc789b81a1"
"1C4SJVBPXPS501344",2023,"Jeep Wagoneer Series II",35154,"4WD","Engine Size Unspecified",46200,"Ohio",47600,"https://smartauctionlogin.com/ui/vehicles/c189aca3-8868-40a7-9794-893d02ef9ac2"
"1C4HJXDGXNW141534",2022,"Jeep Wrangler Unlimited Unlimited Sport",39217,"4WD","Engine Size Unspecified",27800,"Georgia",28600,"https://smartauctionlogin.com/ui/vehicles/44f325e7-3b57-474f-bb0e-35948df5d69a"
"1C4SJVBPXPS573015",2023,"Jeep Wagoneer Series II",30848,"4WD","Engine Size Unspecified",46600,"New York",48000,"https://smartauctionlogin.com/ui/vehicles/85b94025-4756-4ceb-b88e-e391abbf2e7e"
"1C6RR7GG4NS175511",2022,"Ram 1500 Classic Warlock",17005,"4WD","Engine Size Unspecified",30800,"New York",31700,"https://smartauctionlogin.com/ui/vehicles/2ec1be7d-b40b-409a-8992-61484a655092"
"1C4HJXDGXNW103625",2022,"Jeep Wrangler Unlimited Unlimited Willys",30767,"4WD","Engine Size Unspecified",28800,"Florida",29700,"https://smartauctionlogin.com/ui/vehicles/b6af79ba-38bb-47d4-b543-8b01ae87d21f"
"5TFKB5DB2PX116300",2023,"Toyota Tundra SR",28524,"4WD","3.4L",37900,"Ohio",39000,"https://smartauctionlogin.com/ui/vehicles/1d51ab39-6b35-4cfc-a21b-b545a55cbec1"
"1C6SRFFT4NN381579",2022,"Ram Pickup 1500 Big Horn",23900,"4WD","Engine Size Unspecified",36900,"Michigan",38000,"https://smartauctionlogin.com/ui/vehicles/d1235e0b-198f-449b-a277-5a389607a716"
"1GKS2DKL2PR245510",2023,"GMC Yukon Denali",59331,"4WD","Engine Size Unspecified",57500,"Michigan",59200,"https://smartauctionlogin.com/ui/vehicles/e89aee73-429a-4cc3-990e-23f8648668f2"
"1C4RJYE6XN8767458",2022,"Jeep Grand Cherokee 4xe Summit",17683,"4WD","2.0L",34900,"Michigan",35900,"https://smartauctionlogin.com/ui/vehicles/2ac59a00-6dc0-460f-afae-f671f37f7a9f"
"1C6RR7GG8NS216142",2022,"Ram 1500 Classic Warlock",28045,"4WD","Engine Size Unspecified",30200,"South Dakota",31100,"https://smartauctionlogin.com/ui/vehicles/0d134d0d-f8df-4faf-98b3-c2cb731ba4df"
"1C4HJXDG6NW196420",2022,"Jeep Wrangler Unlimited Unlimited Sport S",30581,"4WD","Engine Size Unspecified",29200,"Pennsylvania",30100,"https://smartauctionlogin.com/ui/vehicles/3a6f7751-cc72-4386-b53b-40c1841e7c45"
"1C4HJXDG3NW273955",2022,"Jeep Wrangler Unlimited Unlimited Willys Sport",34627,"4WD","Engine Size Unspecified",28900,"Massachusetts",29800,"https://smartauctionlogin.com/ui/vehicles/fd77c6c4-6523-493f-a940-234fa3996117"
"SAL1P9EU7RA171229",2024,"Land Rover Range Rover Sport SE",24871,"AWD","3.0L",72500,"New York",74700,"https://smartauctionlogin.com/ui/vehicles/c21f9990-2c69-44ae-8f94-bcb80effde33"
"1C4HJXDG0PW576209",2023,"Jeep Wrangler Unlimited Willys Sport",31754,"4WD","Engine Size Unspecified",30100,"Pennsylvania",31000,"https://smartauctionlogin.com/ui/vehicles/2775112e-2ed3-4506-9de3-0766d31f85e2"
"1FMDE5BHXPLA98154",2023,"Ford Bronco Big Bend",45235,"4WD","Engine Size Unspecified",33400,"New Jersey",34400,"https://smartauctionlogin.com/ui/vehicles/9e92a2ae-5fa1-4692-b768-2dc955ebdb5e"
"1C4HJXDG0NW102046",2022,"Jeep Wrangler Unlimited Unlimited Sport Altitude",48961,"4WD","Engine Size Unspecified",27500,"Ohio",28300,"https://smartauctionlogin.com/ui/vehicles/750c8e6d-141d-4514-881b-95628193f507"
"1C4HJXDG2PW512544",2023,"Jeep Wrangler Unlimited Sport S",45337,"4WD","Engine Size Unspecified",28600,"Michigan",29500,"https://smartauctionlogin.com/ui/vehicles/76386bf5-18d8-4849-940f-76757389bb07"
"7SAYGDEDXSA343405",2025,"Tesla Model Y Long Range",29422,"RWD","Engine Size Unspecified",33500,"North Carolina",34500,"https://smartauctionlogin.com/ui/vehicles/ee1c0e54-a61c-4380-9c93-ab63f5cdd86e"
"3GNKBDRS6RS131882",2024,"Chevrolet Blazer LT",32311,"FWD","Engine Size Unspecified",27000,"Michigan",27800,"https://smartauctionlogin.com/ui/vehicles/66a83ef3-b045-451a-a25d-3334bc61eab1"
"1C4HJXDGXPW654835",2023,"Jeep Wrangler Unlimited Sport Altitude",27901,"4WD","Engine Size Unspecified",31900,"Florida",32900,"https://smartauctionlogin.com/ui/vehicles/e493eb11-1890-4397-a65e-e52081942079"
"1C4HJXDG9PW616416",2023,"Jeep Wrangler Unlimited Sport S",17872,"4WD","Engine Size Unspecified",33200,"Alabama",34200,"https://smartauctionlogin.com/ui/vehicles/8a3bb691-587b-45e0-aca5-3eb3274c36bf"
"1FMEE5DP9NLB43560",2022,"Ford Bronco Outer Banks",41708,"4WD","Engine Size Unspecified",40700,"Florida",41900,"https://smartauctionlogin.com/ui/vehicles/d1f567f8-2921-403b-9fac-594f2e909f89"
"1C4RJXP60RW228730",2024,"Jeep Wrangler 4xe Sahara",23470,"4WD","2.0L",100,"Michigan",28000,"https://smartauctionlogin.com/ui/vehicles/c9b5d059-d11d-46a2-87c1-fab48f5f85c3"
"1C4HJXDN6NW255710",2022,"Jeep Wrangler Unlimited Unlimited Sport",30602,"4WD","Engine Size Unspecified",100,"Virginia",25600,"https://smartauctionlogin.com/ui/vehicles/47916c3f-41b6-4c13-bb19-108f4c96f038"
"1C4HJXDN7NW248586",2022,"Jeep Wrangler Unlimited Unlimited Sport",55554,"4WD","Engine Size Unspecified",100,"Pennsylvania",23100,"https://smartauctionlogin.com/ui/vehicles/fa468ec0-089a-42d1-a329-4259b1c37908"
"ZASFAKBN8J7B65032",2018,"Alfa Romeo Stelvio Ti",82280,"AWD","2.0L",100,"Illinois",,"https://smartauctionlogin.com/ui/vehicles/4adfbf6a-5cb0-49ba-8a47-e18539e8988e"
"ML32A3HJXHH015674",2017,"Mitsubishi Mirage ES",42682,"FWD","1.2L",1300,"North Carolina",,"https://smartauctionlogin.com/ui/vehicles/4317d99d-4f50-44b5-83d5-816f7765d84e"
"JN1BJ1CR5JW285804",2018,"Nissan Rogue Sport SL",109262,"AWD","2.0L",7400,"Pennsylvania",,"https://smartauctionlogin.com/ui/vehicles/fa4c8179-0f30-4a4f-bad0-3d9b2750ed44"
"WDCTG4GB7LJ667373",2020,"Mercedes-Benz GLA-Class GLA 250",112876,"AWD","Engine Size Unspecified",8200,"Georgia",,"https://smartauctionlogin.com/ui/vehicles/2f9382a4-1df8-45d2-b1f8-9538049de0b0"
"3FA6P0HD5LR231404",2020,"Ford Fusion SE",116317,"FWD","Engine Size Unspecified",6600,"North Carolina",,"https://smartauctionlogin.com/ui/vehicles/b2d65204-8dd1-4821-bb3e-5dcb8d74ab44"
"YV440MRU3H2007004",2017,"Volvo XC60 Inscription",112688,"AWD","2.0L",7700,"Illinois",,"https://smartauctionlogin.com/ui/vehicles/5c59b1ed-cc7c-4091-b648-c6be7af9911a"
"KL7CJLSB3MB327073",2021,"Chevrolet Trax LT",91215,"FWD","Engine Size Unspecified",7100,"Georgia",,"https://smartauctionlogin.com/ui/vehicles/f24dc86f-d810-444d-b69a-e8d7b6c8e7fe"
"WBAJA7C35HG457774",2017,"BMW 5 series 530i xDrive",110606,"AWD","2.0L",9400,"New Jersey",,"https://smartauctionlogin.com/ui/vehicles/e85d3bd2-bcee-44b7-8b65-b0eacd2d1afd"
"ZACCJABB8JPJ63762",2018,"Jeep Renegade Latitude",93848,"FWD","Engine Size Unspecified",7500,"Tennessee",,"https://smartauctionlogin.com/ui/vehicles/d42a4c37-f90a-4969-a133-2077a58aa1aa"
"WBAJS7C04LCE13738",2020,"BMW 5 series M550i xDrive",68073,"AWD","4.4L",23900,"Maryland",,"https://smartauctionlogin.com/ui/vehicles/469ba3fd-74c1-49fb-8bc8-f365e1bddd95"
"3KPA25AD4NE463237",2022,"Kia Rio S",58488,"FWD","1.6L",9500,"Indiana",,"https://smartauctionlogin.com/ui/vehicles/6574e4a4-aeac-4003-9b51-495da5e9ea6e"
"1HGCV1F95JA183032",2018,"Honda Accord Touring 1.5T",102046,"FWD","1.5L",14000,"North Carolina",,"https://smartauctionlogin.com/ui/vehicles/7bd4c758-2ab0-4eca-bace-53c07722d6d6"
"KMHGN4JB9JU216507",2018,"Genesis G80 3.3T Sport",112286,"RWD","3.3L",11400,"Georgia",,"https://smartauctionlogin.com/ui/vehicles/57fa542b-a180-4f27-9c69-8665a60e4b9a"
"KNMAT2MV6HP506108",2017,"Nissan Rogue S",81914,"AWD","2.5L",7100,"New Jersey",,"https://smartauctionlogin.com/ui/vehicles/41125478-3bff-4391-8a04-76709b1ea4a9"
"1FMSK7DHXLGB18804",2020,"Ford Explorer XLT",116888,"RWD","2.3L",10300,"Tennessee",,"https://smartauctionlogin.com/ui/vehicles/f1742557-3fca-4c2c-85e4-69fb992d27d9"
"3KPF24AD1RE697910",2024,"Kia Forte LXS",50302,"FWD","2.0L",12500,"Tennessee",,"https://smartauctionlogin.com/ui/vehicles/dbe73530-74de-4a3d-876b-5564d9713587"
"1FMJU1JT8JEA30886",2018,"Ford Expedition XLT",119650,"4WD","3.5L",13600,"Alabama",,"https://smartauctionlogin.com/ui/vehicles/82fcf24c-74d6-42f6-82e4-fc5ce7352d87"
"2FMPK3K87JBB88055",2018,"Ford Edge Titanium",115731,"FWD","Engine Size Unspecified",8100,"Alabama",,"https://smartauctionlogin.com/ui/vehicles/eeafb01a-9b8a-44a3-bfc4-b0bed06d0c28"
"1GNERGKW8KJ296055",2019,"Chevrolet Traverse LT Cloth",107141,"FWD","3.6L",10800,"Georgia",,"https://smartauctionlogin.com/ui/vehicles/26abdacf-fe65-44d3-8fff-5b2771dfccd2"
"5YFEPRAE1LP101137",2020,"Toyota Corolla LE",96454,"FWD","1.8L",10500,"North Carolina",,"https://smartauctionlogin.com/ui/vehicles/3d069576-b877-441a-a5fc-97df13c9e48d"
"3N1AB8CVXNY208021",2022,"Nissan Sentra SV",102724,"FWD","2.0L",9500,"Florida",,"https://smartauctionlogin.com/ui/vehicles/267c5976-44fc-44df-b259-5db3f7bb7f7d"
"1HGCR2F77HA179728",2017,"Honda Accord EX",88235,"FWD","2.4L",11200,"New Jersey",,"https://smartauctionlogin.com/ui/vehicles/ef9df714-90ff-44b4-84b5-269813bef7c5"
"1C4PJLDB1KD365937",2019,"Jeep Cherokee Limited",105009,"FWD","Engine Size Unspecified",9100,"Florida",,"https://smartauctionlogin.com/ui/vehicles/cf02cae7-eb41-403c-96da-5192b225d750"
"KL77LHEP2SC283297",2025,"Chevrolet Trax LT",6182,"FWD","Engine Size Unspecified",17100,"Tennessee",,"https://smartauctionlogin.com/ui/vehicles/32e4ece4-e3ba-4955-8ea7-b5bb42a642d0"
"KNDJ23AU7P7199003",2023,"Kia Soul LX",89580,"FWD","2.0L",10600,"North Carolina",,"https://smartauctionlogin.com/ui/vehicles/4fe0c3de-bbcb-41eb-ab28-bf13d9aae1ad"
"3GNKBBRA8MS526621",2021,"Chevrolet Blazer LT",69141,"FWD","2.5L",13800,"Louisiana",,"https://smartauctionlogin.com/ui/vehicles/adf0b4ba-0014-474f-9120-a7407d7ca55b"
"3N1CN8EV1PL823764",2023,"Nissan Versa SV",60325,"FWD","1.6L",11700,"Florida",,"https://smartauctionlogin.com/ui/vehicles/89b32fc4-5681-48cf-b856-c8d5b9953b77"
"JTMZFREV8JJ198577",2018,"Toyota RAV4 LE",67698,"FWD","2.5L",13100,"Florida",,"https://smartauctionlogin.com/ui/vehicles/8868ef07-84fc-457f-b6bf-9a3409c93dbe"
"KMHC85LJ2MU081620",2021,"Hyundai Ioniq Electric Limited",24063,"FWD","Engine Size Unspecified",13200,"New Jersey",,"https://smartauctionlogin.com/ui/vehicles/07f4b2c5-1c4f-4559-a6a2-2823f51022e5"
"3MW5R1J07L8B21230",2020,"BMW 3 series 330i",84131,"RWD","2.0L",14900,"North Carolina",,"https://smartauctionlogin.com/ui/vehicles/4c5f0fa1-c453-4e76-87ff-c976699f8bb7"
"3C4NJDABXHT631590",2017,"Jeep Compass Sport",110305,"4WD","Engine Size Unspecified",7600,"Illinois",,"https://smartauctionlogin.com/ui/vehicles/33cbcd3e-dc10-405f-98b6-dae957dec692"
"KNAE55LC0J6015880",2018,"Kia Stinger GT2",102313,"AWD","3.3L",16000,"North Carolina",,"https://smartauctionlogin.com/ui/vehicles/bad092ae-777f-4dc7-841c-947dad570001"
"3N1AB8BV8PY298242",2023,"Nissan Sentra S",113315,"FWD","2.0L",9500,"Georgia",,"https://smartauctionlogin.com/ui/vehicles/5ce77207-09eb-4886-b267-95ca07093ef4"
"W1K5J4GB0LN084836",2020,"Mercedes-Benz CLA-Class CLA 250",66675,"FWD","2.0L",15900,"Wisconsin",,"https://smartauctionlogin.com/ui/vehicles/2926eec8-d17a-48cc-b399-b323cf7bd09d"
"3N1AB8BV6RY294418",2024,"Nissan Sentra S",59432,"FWD","2.0L",12300,"Georgia",,"https://smartauctionlogin.com/ui/vehicles/8861c301-5577-47af-9fda-e7294a3640b1"
"1N4BL4EW5RN365185",2024,"Nissan Altima 2.5 SL",17436,"AWD","2.5L",22100,"Missouri",,"https://smartauctionlogin.com/ui/vehicles/1014e5cf-26fa-4d05-93a0-d6a92bc09250"
"5XXG64J21NG149379",2022,"Kia K5 GT-Line",66512,"FWD","1.6L",15500,"Illinois",,"https://smartauctionlogin.com/ui/vehicles/155f2fea-4842-40d6-81c0-2342ace66125"
"SALYL2EX8KA783795",2019,"Land Rover Range Rover Velar R-Dynamic SE",104819,"AWD","2.0L",13200,"Georgia",,"https://smartauctionlogin.com/ui/vehicles/e4675fb9-13a8-4e4a-b40a-be2b8bbf0b02"
"5N1AZ2AS7PC123059",2023,"Nissan Murano S",95623,"AWD","3.5L",13700,"Georgia",,"https://smartauctionlogin.com/ui/vehicles/f7737b8e-4914-4a3c-8660-f2fa813a03ea"
"3GNAXKEVXNL281614",2022,"Chevrolet Equinox LT",94296,"FWD","1.5L",11600,"Louisiana",,"https://smartauctionlogin.com/ui/vehicles/32cd6317-f8ce-447f-b413-e5512294f638"
"19XFC2F56JE029463",2018,"Honda Civic LX",106535,"FWD","2.0L",9700,"Florida",,"https://smartauctionlogin.com/ui/vehicles/28b30876-8d4e-43da-9d29-70677a611d0d"
"1C6RRFFG3PN577176",2023,"Ram Pickup 1500 Big Horn",52241,"4WD","Engine Size Unspecified",25800,"Ohio",,"https://smartauctionlogin.com/ui/vehicles/7c1643de-b171-4005-a1cf-79f1bf7ae402"
"3FMCR9B69MRA10102",2021,"Ford Bronco Sport Big Bend",100556,"4WD","1.5L",12200,"Georgia",,"https://smartauctionlogin.com/ui/vehicles/9cde2ada-e7a2-45dc-a017-23e2a6818c5e"
"3MZBPAAL8KM107264",2019,"Mazda Mazda3 w/Select Pkg",63254,"FWD","2.5L",11100,"Georgia",,"https://smartauctionlogin.com/ui/vehicles/0080c5b9-8991-4cc3-b829-d0084aecf914"
"5NMS53ADXLH299367",2020,"Hyundai Santa Fe Limited",82282,"FWD","2.4L",14900,"Georgia",,"https://smartauctionlogin.com/ui/vehicles/237bd12e-45af-477d-a21e-80bb308b3cc2"
"5XXG44J80PG173959",2023,"Kia K5 GT",73527,"FWD","2.5L",19100,"Missouri",,"https://smartauctionlogin.com/ui/vehicles/2966b2b1-2c3f-46a3-ab72-65a4e4ef59e0"
"1HGCV3F25NA029795",2022,"Honda Accord Hybrid Sport",75730,"FWD","2.0L",18600,"Florida",,"https://smartauctionlogin.com/ui/vehicles/b8257ab8-c2d7-40c4-82e1-09f7ff4c7656"
"ZARFANAN8K7609500",2019,"Alfa Romeo Giulia Sport",65983,"AWD","2.0L",12100,"Connecticut",,"https://smartauctionlogin.com/ui/vehicles/2cf05478-76d4-415e-b7d1-6879d4964f56"
"2C3CDZBT2PH695993",2023,"Dodge Challenger R/T",42730,"RWD","Engine Size Unspecified",26500,"North Carolina",,"https://smartauctionlogin.com/ui/vehicles/96bbfc67-e5cc-4ef1-80fe-84692f7af7e9"
"3GKALVEV2ML319622",2021,"GMC Terrain SLT",82043,"AWD","1.5L",14600,"Georgia",,"https://smartauctionlogin.com/ui/vehicles/8ed6025b-bfc3-4976-bbab-cfa1bfd0baa2"
"3N1CP5BV6PL567554",2023,"Nissan Kicks S",113407,"FWD","1.6L",9100,"New Jersey",,"https://smartauctionlogin.com/ui/vehicles/9963176c-2c85-4327-844e-3ff03107519c"
"WP1AB2A52JLB32762",2018,"Porsche Macan S",96312,"AWD","3.0L",14700,"Florida",,"https://smartauctionlogin.com/ui/vehicles/06370893-7ed3-4566-86af-2a398dbc14a7"
"ZACCJBBB6JPH37610",2018,"Jeep Renegade Altitude",97204,"4WD","Engine Size Unspecified",9200,"Oklahoma",,"https://smartauctionlogin.com/ui/vehicles/10706b5d-4b3b-45c8-8ede-f0dfa567346e"
"4T1C11AK8NU659679",2022,"Toyota Camry LE",77813,"FWD","2.5L",15700,"Georgia",,"https://smartauctionlogin.com/ui/vehicles/ed675c7b-feeb-4eeb-bc06-2125d3097ea9"
"KL77LHE29RC012087",2024,"Chevrolet Trax LT",47500,"FWD","1.2L",15800,"Georgia",,"https://smartauctionlogin.com/ui/vehicles/a5f721ef-6780-4f37-99b2-ffed688c8f21"
"3GTP8DED5MG168857",2021,"GMC Sierra 1500 SLT",104417,"RWD","Engine Size Unspecified",24000,"Georgia",,"https://smartauctionlogin.com/ui/vehicles/28eb373d-d18f-4ef1-8fff-31cd739a958e"
"1FTEW1CP3KKC46082",2019,"Ford F-150 XL",106115,"RWD","Engine Size Unspecified",14100,"Tennessee",,"https://smartauctionlogin.com/ui/vehicles/66ca827f-a242-4e98-a8fc-891482073cbd"
"3KPF24ADXPE573499",2023,"Kia Forte LXS",32403,"FWD","2.0L",14600,"Florida",,"https://smartauctionlogin.com/ui/vehicles/036e76e9-8a38-440d-ad64-bb101bb2c193"
"5N1AZ2MS5KN121786",2019,"Nissan Murano S",85221,"AWD","3.5L",11800,"Wisconsin",,"https://smartauctionlogin.com/ui/vehicles/5c0421a4-0782-4b12-a632-edaf329f8a7c"
"KL4MMBS28PB065669",2023,"Buick Encore GX Preferred",16031,"FWD","1.2L",16100,"Florida",,"https://smartauctionlogin.com/ui/vehicles/e7fd917e-f1d3-4830-93d3-b52eaba7ad0d"
"WBAJE5C56KG919177",2019,"BMW 5 series 540i",96947,"RWD","3.0L",16300,"Florida",,"https://smartauctionlogin.com/ui/vehicles/299933b6-20a6-457c-92cf-559c8de0fa02"
"5N1BT3BA5PC843770",2023,"Nissan Rogue SV",44324,"FWD","1.5L",16400,"Connecticut",,"https://smartauctionlogin.com/ui/vehicles/dcda9077-fb1f-480e-aa0b-512ac58e465c"
"1FM5K7F88JGA57248",2018,"Ford Explorer Limited",94056,"FWD","Engine Size Unspecified",12400,"Florida",,"https://smartauctionlogin.com/ui/vehicles/009df6fb-14e3-453d-9715-b756eb56d137"
"KMHLL4DGXRU698962",2024,"Hyundai Elantra SE",23128,"FWD","2.0L",15000,"Georgia",,"https://smartauctionlogin.com/ui/vehicles/8df15964-e9dd-4408-85ec-5127ff1fdb7a"
"3C4PDCAB2LT279575",2020,"Dodge Journey SE Value",83747,"FWD","2.4L",10300,"Alabama",,"https://smartauctionlogin.com/ui/vehicles/29540ac4-aaf5-4352-b9c1-52794e554710"
"WAUW3AFC5JN025048",2018,"Audi A7 Premium Plus",92592,"AWD","3.0L",16100,"New Jersey",,"https://smartauctionlogin.com/ui/vehicles/742707ce-31cc-425f-9d2f-04b5a8c7ebd6"
"3VVMB7AX7RM044797",2024,"Volkswagen Tiguan SE",25856,"AWD","2.0L",19500,"South Carolina",,"https://smartauctionlogin.com/ui/vehicles/ffa05865-e643-4fcb-a75b-b1965e1203ef"
"1GKS1AKC2HR302422",2017,"GMC Yukon SLE",119352,"RWD","5.3L",12900,"Florida",,"https://smartauctionlogin.com/ui/vehicles/e6e9cc8b-95a3-4a51-8898-31a7108c3cc8"
"1C4GJWAG3HL671991",2017,"Jeep Wrangler Willys Wheeler",117661,"4WD","3.6L",10500,"Tennessee",,"https://smartauctionlogin.com/ui/vehicles/050ce5b5-31b9-433e-be5c-e87c6d35e0c2"
"2FMPK4J98NBA39384",2022,"Ford Edge SEL",79005,"AWD","2.0L",15600,"Alabama",,"https://smartauctionlogin.com/ui/vehicles/244049a6-c444-4a23-a089-d53b5c8a8416"
"3C4NJDCB2JT492493",2018,"Jeep Compass Limited",51055,"4WD","2.4L",12700,"New Jersey",,"https://smartauctionlogin.com/ui/vehicles/a4f023de-df5d-48c6-bf7b-f9bb4c88d32a"
"2C3CDXBG7PH666447",2023,"Dodge Charger SXT",25371,"RWD","3.6L",20700,"Georgia",,"https://smartauctionlogin.com/ui/vehicles/745c962f-9d9b-4dc7-8c2a-2ff490a56715"
"5XXG64J28PG203554",2023,"Kia K5 GT-Line",80091,"AWD","1.6L",18200,"Connecticut",,"https://smartauctionlogin.com/ui/vehicles/036842e0-e2a8-44c5-b500-f7a5d426ed31"
"KMHLM4DGXSU907099",2025,"Hyundai Elantra SEL Sport",14711,"FWD","2.0L",17300,"Georgia",,"https://smartauctionlogin.com/ui/vehicles/2ff8d63b-26cb-4ece-be13-af81b25e5102"
"2C3CDZBT2JH265419",2018,"Dodge Challenger R/T",50763,"RWD","Engine Size Unspecified",17600,"Georgia",,"https://smartauctionlogin.com/ui/vehicles/7dcd7138-9cf5-43cc-b0f7-cdbb0b949469"
"5FNRL6H99LB060675",2020,"Honda Odyssey Elite",83120,"FWD","3.5L",24700,"Tennessee",,"https://smartauctionlogin.com/ui/vehicles/29837d02-93f3-4354-b7bc-cda5163076a7"
"1FMSK7DH8MGA57325",2021,"Ford Explorer XLT",74987,"RWD","2.3L",16700,"Florida",,"https://smartauctionlogin.com/ui/vehicles/08f78196-de29-48ef-be57-39aa4b949a64"
"3GN7DLRP5SS172922",2025,"Chevrolet Equinox EV LT",9360,"FWD","Engine Size Unspecified",20200,"Florida",,"https://smartauctionlogin.com/ui/vehicles/62ae582a-ca8c-4172-8203-676c6d010183"
"3GKALPEV4LL179227",2020,"GMC Terrain SLT",115591,"FWD","Engine Size Unspecified",11900,"Tennessee",,"https://smartauctionlogin.com/ui/vehicles/764eb5f8-14ee-4324-8383-25a92d19e540"
"1GNSCFKD2PR187063",2023,"Chevrolet Suburban 1500 Premier",51910,"RWD","Engine Size Unspecified",39900,"Florida",,"https://smartauctionlogin.com/ui/vehicles/723d17ec-c83d-41f3-84cc-60f82d84d97b"
"ZACNJDB19PPP61918",2023,"Jeep Renegade Latitude",22061,"4WD","1.3L",17800,"Georgia",,"https://smartauctionlogin.com/ui/vehicles/56c1bad4-b826-47a2-aeec-c84aef443002"
"1GNERFKW3PJ210913",2023,"Chevrolet Traverse LS",47852,"FWD","3.6L",20000,"Georgia",,"https://smartauctionlogin.com/ui/vehicles/b906d3be-824f-4163-b165-f6bce0d3f942"
"W1KWF8DB3LR593815",2020,"Mercedes-Benz C-Class C 300",36520,"RWD","2.0L",19300,"Oklahoma",,"https://smartauctionlogin.com/ui/vehicles/a8e5e2e0-e89e-4cd2-affd-0c26370ad2ce"
"JN8BT3BAXPW003927",2023,"Nissan Rogue SV",77660,"FWD","1.5L",15000,"Oklahoma",,"https://smartauctionlogin.com/ui/vehicles/59c3e450-3eb5-456f-9949-17b6b7604ecb"
"1FMCU0H68NUB88269",2022,"Ford Escape SEL",22216,"FWD","1.5L",16700,"Louisiana",,"https://smartauctionlogin.com/ui/vehicles/ee7a13ac-f254-4c46-aa73-abb859017cb6"
"2T3H1RFV7KW039304",2019,"Toyota RAV4 LE",61147,"FWD","2.5L",16800,"Alabama",,"https://smartauctionlogin.com/ui/vehicles/9056cb52-57dc-4d8a-91a1-6ed7d7525d12"
"1C4RJFBT3MC632011",2021,"Jeep Grand Cherokee Limited",110215,"4WD","Engine Size Unspecified",16200,"Tennessee",,"https://smartauctionlogin.com/ui/vehicles/0ffa8d76-c925-4bd4-9ab7-e1dd7460c37e"
"WA1LAAF7XKD042959",2019,"Audi Q7 Trim Unspecified",97187,"AWD","3.0L",14600,"Florida",,"https://smartauctionlogin.com/ui/vehicles/0a166c20-e23d-41c5-b8d4-ad27258be862"
"1GNEVKKW5LJ102484",2020,"Chevrolet Traverse Premier",98881,"AWD","3.6L",21300,"Connecticut",,"https://smartauctionlogin.com/ui/vehicles/f4d61eed-690e-4ee0-ac46-f7fd2d9a4f80"
"KL77LFE29RC021750",2024,"Chevrolet Trax LS",56648,"FWD","1.2L",15100,"Georgia",,"https://smartauctionlogin.com/ui/vehicles/d527dbb0-c3e0-424a-8fb5-f7c65fe0db95"
"2FMPK4K9XNBA30717",2022,"Ford Edge Titanium",93362,"AWD","2.0L",16100,"Georgia",,"https://smartauctionlogin.com/ui/vehicles/db212f0d-3256-48a1-ba3d-29e3fd09dffa"
"KL77LFE22RC085340",2024,"Chevrolet Trax LS",14533,"FWD","1.2L",17600,"Illinois",,"https://smartauctionlogin.com/ui/vehicles/e904aa92-67c8-43f7-a923-e3798bcc9f6d"
"5J8YD4H34KL019523",2019,"Acura MDX Trim Unspecified",87169,"AWD","3.5L",17900,"Connecticut",,"https://smartauctionlogin.com/ui/vehicles/22a30cea-4fbe-40ff-94cb-30914f511578"
"5YFB4MDE8RP127009",2024,"Toyota Corolla LE",19034,"FWD","2.0L",18600,"Florida",,"https://smartauctionlogin.com/ui/vehicles/9dd40968-761d-4197-b5ff-32f3fdd75eb1"
"1C6SRFFT9NN402264",2022,"Ram Pickup 1500 Big Horn",30023,"4WD","Engine Size Unspecified",30900,"New Jersey",,"https://smartauctionlogin.com/ui/vehicles/216c93e1-933f-48bf-8cae-394a9715f988"
"5N1BT3AB4PC748756",2023,"Nissan Rogue S",40728,"AWD","1.5L",17500,"Georgia",,"https://smartauctionlogin.com/ui/vehicles/bb38d84d-c06a-4710-94b9-6a2235b67597"
"1GCPYCEK8NZ133563",2022,"Chevrolet Silverado 1500 Custom Trail Boss",71196,"4WD","Engine Size Unspecified",26900,"Tennessee",,"https://smartauctionlogin.com/ui/vehicles/a0b7e115-5a25-4415-8a6f-c10c65929e41"
"3CZRU5H53MM722505",2021,"Honda HR-V EX",72076,"FWD","1.8L",14700,"Connecticut",,"https://smartauctionlogin.com/ui/vehicles/b8cadd79-0ad5-4e45-bffe-38206c1d608d"
"1HGCV1F46LA125194",2020,"Honda Accord EX",55548,"FWD","1.5L",19700,"Florida",,"https://smartauctionlogin.com/ui/vehicles/4f535a51-15fc-496f-bece-1ad870fa35f9"
"WBAJA5C57KWW22114",2019,"BMW 5 series 530i",101219,"RWD","2.0L",13700,"Georgia",,"https://smartauctionlogin.com/ui/vehicles/05ee4e46-c807-441e-9b8a-dea1e743d1fe"
"2HGFC2F84KH577060",2019,"Honda Civic Sport",92786,"FWD","2.0L",13900,"Georgia",,"https://smartauctionlogin.com/ui/vehicles/a11946bf-00c6-4923-903a-0f370397308f"
"KL77LKEP7SC023412",2025,"Chevrolet Trax ACTIV",26135,"FWD","Engine Size Unspecified",19500,"Georgia",,"https://smartauctionlogin.com/ui/vehicles/e1a4716c-5231-4b39-9e24-e282826e194f"
"1C6SRFFT4LN369249",2020,"Ram Pickup 1500 Big Horn",40639,"4WD","Engine Size Unspecified",27000,"Michigan",,"https://smartauctionlogin.com/ui/vehicles/38da008f-2d9a-40ed-8671-6b2ac29df8d3"
"1GYS4KKL3PR318307",2023,"Cadillac Escalade ESV 4WD Premium Luxury",73546,"4WD","Engine Size Unspecified",53700,"Alabama",,"https://smartauctionlogin.com/ui/vehicles/9086333d-8061-4052-b890-a62f682f893c"
"1C6RRFFG4NN380692",2022,"Ram Pickup 1500 Big Horn",78121,"4WD","Engine Size Unspecified",26400,"Michigan",,"https://smartauctionlogin.com/ui/vehicles/044bfeb8-e28c-4263-b458-5abd706dc19f"
"4JGFB4KB3LA058026",2020,"Mercedes-Benz GLE SUV GLE 350",103543,"AWD","2.0L",21800,"North Carolina",,"https://smartauctionlogin.com/ui/vehicles/32a73da8-a2de-40ed-a24e-c136d58546e9"
"2C3CDXHG6MH593607",2021,"Dodge Charger GT",77913,"RWD","3.6L",16900,"Florida",,"https://smartauctionlogin.com/ui/vehicles/71c5fdb6-dcd4-4d20-9858-9e961362d131"
"3TMCZ5AN5KM250120",2019,"Toyota Tacoma SR5",55229,"4WD","3.5L",26700,"South Carolina",,"https://smartauctionlogin.com/ui/vehicles/947e9a3d-0709-42b2-940e-2fd1198de769"
"KM8HA3AB5SU221487",2025,"Hyundai Kona SE",18732,"FWD","2.0L",18800,"Georgia",,"https://smartauctionlogin.com/ui/vehicles/e9aaa2a8-15f9-416e-9e2f-4db38738446d"
"3VWEX7BUXSM053005",2025,"Volkswagen Jetta SE",26025,"FWD","1.5L",19400,"Georgia",,"https://smartauctionlogin.com/ui/vehicles/a021c143-7641-4028-8ac1-1d7ff693cf19"
"1GNERKKW1PJ121334",2023,"Chevrolet Traverse Premier",45201,"FWD","3.6L",30100,"Georgia",,"https://smartauctionlogin.com/ui/vehicles/71164244-36f2-44ba-8381-81fd652fc39a"
"5J8YE1H0XNL805512",2022,"Acura MDX w/A-Spec Package",89811,"AWD","3.5L",27300,"Connecticut",,"https://smartauctionlogin.com/ui/vehicles/00e37f74-9939-462d-a84e-0863b4277462"
"WAUJEGFF5KA090024",2019,"Audi A3 Premium Plus",49515,"AWD","2.0L",18400,"Minnesota",,"https://smartauctionlogin.com/ui/vehicles/3f79fed9-790b-4546-9619-92465e7093f3"
"1C4JJXP65NW209341",2022,"Jeep Wrangler 4xe Unlimited Sahara High Altitude",84371,"4WD","2.0L",19900,"New York",,"https://smartauctionlogin.com/ui/vehicles/042db311-418e-4260-82ec-bf030ff65290"
"KMHLL4DG9SU033587",2025,"Hyundai Elantra SE",12774,"FWD","2.0L",17400,"Alabama",,"https://smartauctionlogin.com/ui/vehicles/9c54e1ca-4be8-4099-b2e5-a5022332b092"
"1C4JJXP67PW581234",2023,"Jeep Wrangler 4xe Sahara",46757,"4WD","2.0L",24400,"Michigan",,"https://smartauctionlogin.com/ui/vehicles/be1cd47d-94dc-43fa-ab88-60f643d6e7a8"
"2C3CDZBTXNH163372",2022,"Dodge Challenger R/T",34389,"RWD","Engine Size Unspecified",27600,"Connecticut",,"https://smartauctionlogin.com/ui/vehicles/e82973f0-db5d-4f11-a87c-e8f983b40bc0"
"2HGFE2F20RH561163",2024,"Honda Civic LX",68998,"FWD","2.0L",18300,"Georgia",,"https://smartauctionlogin.com/ui/vehicles/b87c28a8-4a59-432f-9ef9-1161ddb36169"
"3GCPYFED0LG182515",2020,"Chevrolet Silverado 1500 LT Trail Boss",81435,"4WD","Engine Size Unspecified",27400,"North Carolina",,"https://smartauctionlogin.com/ui/vehicles/e3ea61bc-5d9d-4310-a309-89e72f4cc77d"
"2GCRCPEC5K1121298",2019,"Chevrolet Silverado 1500 LT",72001,"RWD","Engine Size Unspecified",19400,"Florida",,"https://smartauctionlogin.com/ui/vehicles/3b352d46-d19b-47b6-b86f-9a03df2be5de"
"3KMJBCDE6SE008309",2025,"Hyundai Tucson SEL",9875,"AWD","2.5L",22800,"Illinois",,"https://smartauctionlogin.com/ui/vehicles/7f3ee4ed-7787-4467-a8cf-81e5d922e6de"
"KMHLS4DG0SU935032",2025,"Hyundai Elantra SEL Convenience",7791,"FWD","2.0L",20100,"North Carolina",,"https://smartauctionlogin.com/ui/vehicles/20d7463f-be19-4640-968b-2f1d88d07981"
"7FARW1H85KE022610",2019,"Honda CR-V EX-L",29721,"FWD","1.5L",20400,"Tennessee",,"https://smartauctionlogin.com/ui/vehicles/cb1f9017-0bcc-4370-9b65-912741450cdc"
"1C6RRFFG2PN703284",2023,"Ram Pickup 1500 Big Horn",26418,"4WD","Engine Size Unspecified",32300,"Ohio",,"https://smartauctionlogin.com/ui/vehicles/5c18438d-5728-4e7a-a8c5-fd721d90e163"
"2GCPADED3S1156975",2025,"Chevrolet Silverado 1500 RST",20488,"RWD","Engine Size Unspecified",44100,"Georgia",,"https://smartauctionlogin.com/ui/vehicles/7e207576-9e6a-4bd1-a409-da91647464a2"
"5XYP3DHC9NG319894",2022,"Kia Telluride EX",71473,"AWD","3.8L",25500,"Florida",,"https://smartauctionlogin.com/ui/vehicles/70f04a6e-fc00-48a4-9eb3-a214b085a171"
"1GCGTCEN6J1171696",2018,"Chevrolet Colorado 4WD LT",54878,"4WD","Engine Size Unspecified",20000,"New Jersey",,"https://smartauctionlogin.com/ui/vehicles/7d926f54-dd6f-4fda-8f8e-78fe60ae9a21"
"1C4JJXP64NW220265",2022,"Jeep Wrangler 4xe Unlimited Sahara",45286,"4WD","2.0L",24300,"Ohio",,"https://smartauctionlogin.com/ui/vehicles/22ff9e2b-aef3-4ddc-8b60-2043cc1521ee"
"3FMCR9B66RRE64010",2024,"Ford Bronco Sport Big Bend",41219,"4WD","1.5L",20800,"Tennessee",,"https://smartauctionlogin.com/ui/vehicles/c48fcead-9521-46cc-97ca-1c3c5a3615fc"
"1GCPYCEF0LZ182482",2020,"Chevrolet Silverado 1500 Custom Trail Boss",82345,"4WD","Engine Size Unspecified",26000,"Georgia",,"https://smartauctionlogin.com/ui/vehicles/1d5182e0-f72d-4454-a1c7-72017a05e168"
"1C6RRFFG5NN341044",2022,"Ram Pickup 1500 Big Horn",41797,"4WD","Engine Size Unspecified",31000,"Michigan",,"https://smartauctionlogin.com/ui/vehicles/24850524-4921-43d8-b851-3ce730ff23c6"
"1C6RRFFG8NN386611",2022,"Ram Pickup 1500 Big Horn",31752,"4WD","Engine Size Unspecified",31800,"Michigan",,"https://smartauctionlogin.com/ui/vehicles/96e3eb61-76da-44ee-8357-a0c34c07d029"
"KNDC4DLC3P5120001",2023,"Kia EV6 GT-Line",3696,"AWD","Engine Size Unspecified",26600,"Maryland",,"https://smartauctionlogin.com/ui/vehicles/62c2d5f7-5b8d-4ad2-b511-9defb1982e50"
"SALCK2FX6LH844422",2020,"Land Rover Discovery Sport Standard",83292,"AWD","2.0L",10100,"Georgia",,"https://smartauctionlogin.com/ui/vehicles/be5e84e4-c94f-4cac-83e8-c648a05c0ae3"
"5N1BT3ABXRC724738",2024,"Nissan Rogue S",14015,"AWD","1.5L",21600,"Massachusetts",,"https://smartauctionlogin.com/ui/vehicles/e5462e50-07e9-4eb1-a96d-735e409d631b"
"1C4RJXN63RW217059",2024,"Jeep Wrangler 4xe Willys",37724,"4WD","2.0L",25300,"Florida",,"https://smartauctionlogin.com/ui/vehicles/bcd06f79-cbb6-4b94-8940-61b38876f073"
"5YFS4MCE1RP184458",2024,"Toyota Corolla SE",25933,"FWD","2.0L",21300,"South Carolina",,"https://smartauctionlogin.com/ui/vehicles/bd2b6c03-e575-4a7a-b72c-b4a2efd7c3b8"
"JTJAM7BX7M5288780",2021,"Lexus GX 460 GX 460 Premium",56164,"4WD","4.6L",37300,"Georgia",,"https://smartauctionlogin.com/ui/vehicles/110369cf-f3d6-4ddc-9e58-b639807d47aa"
"1C6HJTFG6ML536923",2021,"Jeep Gladiator Overland",45343,"4WD","Engine Size Unspecified",29100,"South Carolina",,"https://smartauctionlogin.com/ui/vehicles/5bf68abe-67f9-4fd7-b035-70804acca923"
"2HGFE1E58NH473834",2022,"Honda Civic Si Trim Unspecified",72981,"FWD","1.5L",23000,"Alabama",,"https://smartauctionlogin.com/ui/vehicles/f212f786-e0e1-4787-807c-88141803f92b"
"5UX23EU03R9V38478",2024,"BMW X5 xDrive40i",76944,"AWD","3.0L",42700,"Georgia",,"https://smartauctionlogin.com/ui/vehicles/99ff0876-fabb-4b9a-944b-612e926ff05a"
"5TDGZRAH9LS022691",2020,"Toyota Highlander XLE",85950,"FWD","3.5L",22000,"Florida",,"https://smartauctionlogin.com/ui/vehicles/a121f964-5345-4ce0-b635-9247a1643683"
"5NTJADDE2RH111861",2024,"Hyundai Santa Cruz SE",17537,"AWD","2.5L",22200,"Ohio",,"https://smartauctionlogin.com/ui/vehicles/a5cd1144-9f3a-46cd-891e-ed0a45d1e67f"
"1C4JJXR63PW536935",2023,"Jeep Wrangler 4xe Rubicon",34227,"4WD","2.0L",28000,"Michigan",,"https://smartauctionlogin.com/ui/vehicles/1ec0c52c-7730-4758-bb5c-e710a898d3ab"
"1FMJU1HT8MEA11569",2021,"Ford Expedition XLT",69365,"RWD","3.5L",27000,"Georgia",,"https://smartauctionlogin.com/ui/vehicles/a2e32caa-d9a2-41a5-a313-1a55f615d350"
"1GNERGKW6PJ166458",2023,"Chevrolet Traverse LT Cloth",25196,"FWD","3.6L",25900,"Florida",,"https://smartauctionlogin.com/ui/vehicles/056b19c1-a4dd-4064-a174-56960e921858"
"1C6SRFLT0NN459635",2022,"Ram Pickup 1500 Rebel",53894,"4WD","Engine Size Unspecified",38700,"Michigan",,"https://smartauctionlogin.com/ui/vehicles/b69d44cc-a862-404b-ac6c-955846deb607"
"3FMCR9GN6SRE36617",2025,"Ford Bronco Sport Heritage",10383,"4WD","1.5L",27400,"South Carolina",,"https://smartauctionlogin.com/ui/vehicles/8aa92bda-b7f4-441d-b99f-95ea62fea70f"
"3GNAXHEG5SL171117",2025,"Chevrolet Equinox FWD LT",2292,"FWD","1.5L",24100,"Florida",,"https://smartauctionlogin.com/ui/vehicles/7bbc23c0-10ad-4286-a756-8e62031635f3"
"1GCUDGED3NZ592703",2022,"Chevrolet Silverado 1500 LTZ",31144,"4WD","Engine Size Unspecified",40300,"Illinois",,"https://smartauctionlogin.com/ui/vehicles/70af9ee9-efcd-4f54-b3c7-45cc4a90b84b"
"1FT8W3BT7SEC91760",2025,"Ford F-350 XLT",50904,"4WD","Engine Size Unspecified",54100,"Alabama",,"https://smartauctionlogin.com/ui/vehicles/5806e062-f928-4930-bd72-029f36b33253"
"3FTTW8F91PRA98188",2023,"Ford Maverick XL",28751,"AWD","2.0L",23400,"Tennessee",,"https://smartauctionlogin.com/ui/vehicles/593369f8-d38a-4b68-bd5e-a071f03726c6"
"1FTEW1CP8PKD69156",2023,"Ford F-150 XL",23876,"RWD","Engine Size Unspecified",31900,"Florida",,"https://smartauctionlogin.com/ui/vehicles/09d00bff-73e5-4f4e-8544-7073c66be46a"
"1C6SRFLT3KN671358",2019,"Ram Pickup 1500 Rebel",105243,"4WD","Engine Size Unspecified",26700,"Tennessee",,"https://smartauctionlogin.com/ui/vehicles/5e123b25-91b2-4e36-a01a-0b0b976e15de"
"1C4GJXAN7LW282587",2020,"Jeep Wrangler Sport S",62775,"4WD","Engine Size Unspecified",18700,"Tennessee",,"https://smartauctionlogin.com/ui/vehicles/d5f01088-2f34-4d8f-9f35-3f0f36f897b6"
"4T1DAACK6SU149098",2025,"Toyota Camry Hybrid LE",7988,"FWD","2.5L",26400,"Georgia",,"https://smartauctionlogin.com/ui/vehicles/94a2b228-ec73-4ea5-952d-105900ff0e15"
"1C4RDJDG2NC135169",2022,"Dodge Durango GT Plus",59742,"AWD","3.6L",25100,"Tennessee",,"https://smartauctionlogin.com/ui/vehicles/463d656b-60fd-4815-b80d-116c1d65bf17"
"3C4NJDCN1PT519850",2023,"Jeep Compass Limited",44356,"4WD","2.0L",20600,"Michigan",,"https://smartauctionlogin.com/ui/vehicles/2a6597a6-ed64-4dfe-b745-d9764219448c"
"3C4NJDCN8PT551890",2023,"Jeep Compass Limited",44683,"4WD","2.0L",20600,"Michigan",,"https://smartauctionlogin.com/ui/vehicles/0a1325f6-c53c-44c4-a319-4d50589eec1e"
"1C6SRFJT2NN418507",2022,"Ram Pickup 1500 Laramie",43367,"4WD","Engine Size Unspecified",37500,"Vermont",,"https://smartauctionlogin.com/ui/vehicles/d764697a-da27-4711-8766-78c2a0d24aa6"
"1GKKNKLA0JZ218807",2018,"GMC Acadia SLE",104351,"FWD","2.5L",11600,"Georgia",,"https://smartauctionlogin.com/ui/vehicles/4ca5f7a7-89be-47fe-a7ef-1a536b018ef6"
"1HGCY2F58RA031817",2024,"Honda Accord Hybrid Sport",46995,"FWD","2.0L",24900,"Missouri",,"https://smartauctionlogin.com/ui/vehicles/9a6dbf72-76c4-4d4b-bf82-e090a21ae2aa"
"1C4HJXEG0LW191287",2020,"Jeep Wrangler Unlimited Sahara",48889,"4WD","Engine Size Unspecified",26200,"Connecticut",,"https://smartauctionlogin.com/ui/vehicles/4a2609da-0ece-47d6-9bd5-fe7eee579191"
"3GTUUDED1RG132475",2024,"GMC Sierra 1500 SLT",48553,"4WD","Engine Size Unspecified",42700,"North Carolina",,"https://smartauctionlogin.com/ui/vehicles/4bca54aa-15dc-4c36-a29f-3e35d35e60dd"
"2C4RC1L7XPR570763",2023,"Chrysler Pacifica Hybrid Touring L",15261,"FWD","3.6L",28000,"Massachusetts",,"https://smartauctionlogin.com/ui/vehicles/6ccd8230-dddb-4f4a-91e8-73347d6980cd"
"1C4HJXEN1MW706541",2021,"Jeep Wrangler Unlimited Unlimited Sahara",47673,"4WD","Engine Size Unspecified",28300,"Massachusetts",,"https://smartauctionlogin.com/ui/vehicles/dca22ce4-0e32-4821-8cec-f0ed0f2ab27d"
"1C6RRFBG6PN563973",2023,"Ram Pickup 1500 Big Horn",7892,"4WD","Engine Size Unspecified",33400,"New Jersey",,"https://smartauctionlogin.com/ui/vehicles/b2960526-e8b7-4929-a29d-3702eb5b24b1"
"2GNAXHEV0N6117537",2022,"Chevrolet Equinox LS",91348,"FWD","1.5L",13300,"Georgia",,"https://smartauctionlogin.com/ui/vehicles/db05e426-ba51-454d-bfc7-d7df633f0751"
"5NMS34AJ2NH447824",2022,"Hyundai Santa Fe SEL",52659,"FWD","2.5L",19800,"Georgia",,"https://smartauctionlogin.com/ui/vehicles/421db6ea-7dc8-4c8d-8c4f-1c97dbd6b65e"
"1C6HJTAG5NL129765",2022,"Jeep Gladiator Sport S",38040,"4WD","Engine Size Unspecified",28600,"Tennessee",,"https://smartauctionlogin.com/ui/vehicles/418bf946-891b-4c8f-b75e-74773f4c3171"
"1GYS3HKJ6JR251097",2018,"Cadillac Escalade ESV Luxury",117210,"RWD","6.2L",17500,"Louisiana",,"https://smartauctionlogin.com/ui/vehicles/cc862b2d-ea4d-4910-afa9-41f0c2d28412"
"1G1FF1R77P0120458",2023,"Chevrolet Camaro LT1",17803,"RWD","6.2L",34400,"Georgia",,"https://smartauctionlogin.com/ui/vehicles/5557db47-a32a-4dae-9d5b-d992efe029ca"
"2HGFE2F54SH565555",2025,"Honda Civic Sport",17257,"FWD","2.0L",24200,"South Carolina",,"https://smartauctionlogin.com/ui/vehicles/f30ceb8e-25b2-425c-845a-5630bd62b003"
"3GNAXHEG1TL115922",2026,"Chevrolet Equinox FWD LT",1030,"FWD","1.5L",27200,"Michigan",,"https://smartauctionlogin.com/ui/vehicles/f4eedd17-d0f9-4e81-b33d-8efade6e1103"
"1N6ED1EK6NN660240",2022,"Nissan Frontier SV",57006,"4WD","3.8L",25400,"Florida",,"https://smartauctionlogin.com/ui/vehicles/edcda912-15f9-447a-8ce4-a571783b0be1"
"1C4RJYC66N8767119",2022,"Jeep Grand Cherokee 4xe Trailhawk",23919,"4WD","2.0L",28700,"North Dakota",,"https://smartauctionlogin.com/ui/vehicles/d8efe79f-b4cf-4223-babb-7fd68b4a5d63"
"1C4JJXP69PW524887",2023,"Jeep Wrangler 4xe Sahara",24438,"4WD","2.0L",28000,"Michigan",,"https://smartauctionlogin.com/ui/vehicles/096c65a6-e1b8-4b56-b04c-08bca0b6240a"
"1C6HJTAG8PL536563",2023,"Jeep Gladiator Sport",17018,"4WD","3.6L",30900,"New Jersey",,"https://smartauctionlogin.com/ui/vehicles/f5386cb1-2e76-4f23-a034-c1d72dbcf8ed"
"5XYK5CDF2RG196850",2024,"Kia Sportage SX-Prestige",32321,"AWD","2.5L",27700,"Illinois",,"https://smartauctionlogin.com/ui/vehicles/7ab80eee-d4e5-4c54-bb7f-7d2074234950"
"ZACNJDB12NPN98414",2022,"Jeep Renegade Latitude",48153,"4WD","1.3L",17500,"Florida",,"https://smartauctionlogin.com/ui/vehicles/23d22598-9150-40b2-9269-c3316c5e4d02"
"1C4RDHDG2RC225890",2024,"Dodge Durango GT",13622,"RWD","3.6L",29700,"North Carolina",,"https://smartauctionlogin.com/ui/vehicles/aac39774-b9a7-4c36-82b1-b6ad33f530f4"
"1V2FE2CA8SC224919",2025,"Volkswagen Atlas Cross Sport 2.0T SEL Premium R-Line",17593,"AWD","2.0L",38700,"South Carolina",,"https://smartauctionlogin.com/ui/vehicles/28bdd78a-1afd-4aee-b705-e04def3c416a"
"1C6SRFJT6NN402584",2022,"Ram Pickup 1500 Laramie",30636,"4WD","Engine Size Unspecified",40300,"Michigan",,"https://smartauctionlogin.com/ui/vehicles/6cf035cd-c659-4a3f-8f98-7e1e41feb133"
"3GNAXHEG3SL158995",2025,"Chevrolet Equinox FWD LT",14456,"FWD","1.5L",24500,"New Jersey",,"https://smartauctionlogin.com/ui/vehicles/d6e45be0-5b79-4be8-afd2-f48e12dd0c4f"
"1C4RJKEG7P8803468",2023,"Jeep Grand Cherokee L Summit",30819,"4WD","Engine Size Unspecified",42700,"Florida",,"https://smartauctionlogin.com/ui/vehicles/0e838763-cc98-4151-bd47-9a1779ef48b3"
"1C4RJJBG3N8548314",2022,"Jeep Grand Cherokee L Limited",44732,"RWD","3.6L",26800,"Florida",,"https://smartauctionlogin.com/ui/vehicles/9eb3e924-6eb5-4783-a5b3-2984147ea84c"
"1C4PJMMX7MD176021",2021,"Jeep Cherokee Latitude Lux",34892,"4WD","Engine Size Unspecified",20700,"Michigan",,"https://smartauctionlogin.com/ui/vehicles/fcde5d59-1a5e-46ae-8afa-f47c13fe4853"
"KNDETCA75S7739756",2025,"Kia Seltos SX",4311,"AWD","1.6L",27600,"Georgia",,"https://smartauctionlogin.com/ui/vehicles/562deb01-0d71-4750-af45-0ee783674bce"
"1C6SRFRT0PN578084",2023,"Ram Pickup 1500 Laramie",42311,"4WD","5.7L",39900,"Michigan",,"https://smartauctionlogin.com/ui/vehicles/78d063bc-2222-4856-b806-e645262409a1"
"1C4HJXEN9PW550947",2023,"Jeep Wrangler Unlimited Sahara",20894,"4WD","Engine Size Unspecified",33200,"Minnesota",,"https://smartauctionlogin.com/ui/vehicles/e83a5343-87ba-4229-962a-54df21034525"
"WBA7T2C07LGL17621",2020,"BMW 7 series 740i",63795,"RWD","3.0L",28900,"Florida",,"https://smartauctionlogin.com/ui/vehicles/9d00c763-d5af-4d78-b41a-d3cc150fc791"
"1FMDE7BH5SLA79404",2025,"Ford Bronco Big Bend",3356,"4WD","2.3L",37700,"Tennessee",,"https://smartauctionlogin.com/ui/vehicles/7a807a64-e0f4-4bb0-bf76-c3e18acf29b6"
"1C6SRFFT0NN391509",2022,"Ram Pickup 1500 Big Horn",55501,"4WD","Engine Size Unspecified",33300,"Michigan",,"https://smartauctionlogin.com/ui/vehicles/7e58b3b0-a51d-4b0c-927a-e71224156940"
"3GKALXEG3RL254350",2024,"GMC Terrain Denali",31165,"AWD","1.5L",28800,"Louisiana",,"https://smartauctionlogin.com/ui/vehicles/ff3c5cb8-7352-4810-adeb-3999da3a0d50"
"1C4HJXDN6NW241774",2022,"Jeep Wrangler Unlimited Unlimited Willys",34871,"4WD","Engine Size Unspecified",27600,"Florida",,"https://smartauctionlogin.com/ui/vehicles/51e0a292-bced-418e-b811-3c3420d84353"
"JHMFL5G43SX003796",2025,"Honda Civic Type R Trim Unspecified",1548,"FWD","2.0L",45200,"Florida",,"https://smartauctionlogin.com/ui/vehicles/2721974e-f5c5-45b8-ae2b-48d2f01e5773"
"1GCPYAEH4KZ385010",2019,"Chevrolet Silverado 1500 Work Truck",89202,"4WD","Engine Size Unspecified",21200,"Michigan",,"https://smartauctionlogin.com/ui/vehicles/27647ca6-1536-4c74-9eb7-b333e19fccc7"
"1C4RJKBG5P8719475",2023,"Jeep Grand Cherokee L Limited",40615,"4WD","3.6L",31100,"Pennsylvania",,"https://smartauctionlogin.com/ui/vehicles/856391ea-370c-4b2f-89e4-57e793145dc6"
"1C4RDJAG6PC598245",2023,"Dodge Durango SXT Launch Edition",44300,"AWD","3.6L",25700,"Michigan",,"https://smartauctionlogin.com/ui/vehicles/df106a14-a75f-4292-a835-daa416fd2139"
"1C4RJJBG2N8636366",2022,"Jeep Grand Cherokee L Limited",35828,"RWD","3.6L",27400,"Florida",,"https://smartauctionlogin.com/ui/vehicles/2d7bf05c-6a29-4bdb-ac73-30777d598af1"
"1C4HJXEN3MW812375",2021,"Jeep Wrangler Unlimited Unlimited Sahara",41006,"4WD","Engine Size Unspecified",28900,"Maryland",,"https://smartauctionlogin.com/ui/vehicles/203e7971-375f-40ac-9ba2-3094ca55ff9d"
"5YJYGDEE7LF003736",2020,"Tesla Model Y Long Range",84039,"AWD","Engine Size Unspecified",21000,"South Carolina",,"https://smartauctionlogin.com/ui/vehicles/56c3589b-5034-412c-8454-2e6cfa925716"
"1C6RRFFGXPN696892",2023,"Ram Pickup 1500 Big Horn",22496,"4WD","Engine Size Unspecified",36300,"Michigan",,"https://smartauctionlogin.com/ui/vehicles/df1b6d62-490a-43e6-b262-cdece8b8e2ee"
"1C4SJUBT7NS146539",2022,"Jeep Wagoneer Series II",60193,"RWD","5.7L",36000,"Florida",,"https://smartauctionlogin.com/ui/vehicles/b643c21f-fe8f-4f6d-abcf-0c332c332c0b"
"1C4RJKAG3P8711683",2023,"Jeep Grand Cherokee L Altitude",35072,"4WD","3.6L",29700,"Pennsylvania",,"https://smartauctionlogin.com/ui/vehicles/bd1c15bf-9872-4c49-918b-4e47461a5a7b"
"1C6SRFJT3NN351755",2022,"Ram Pickup 1500 Laramie",22279,"4WD","Engine Size Unspecified",41800,"Michigan",,"https://smartauctionlogin.com/ui/vehicles/711837c1-c91f-4415-964b-2c685661efcb"
"WP1BA2AYXLDA46839",2020,"Porsche Cayenne Trim Unspecified",62297,"AWD","3.0L",37200,"Connecticut",,"https://smartauctionlogin.com/ui/vehicles/b19109ec-e064-4351-b4de-1906e2f598a3"
"1C6SRFJT7NN392275",2022,"Ram Pickup 1500 Laramie",19440,"4WD","Engine Size Unspecified",42200,"Michigan",,"https://smartauctionlogin.com/ui/vehicles/34915766-ff18-4469-9442-c2e48e493435"
"1C6SRFFTXNN427531",2022,"Ram Pickup 1500 Big Horn",33294,"4WD","Engine Size Unspecified",36200,"Ohio",,"https://smartauctionlogin.com/ui/vehicles/acf2e162-de5b-4be3-8124-23863e92733e"
"1C4RJKAG7N8572753",2022,"Jeep Grand Cherokee L Laredo",56974,"4WD","3.6L",25800,"Michigan",,"https://smartauctionlogin.com/ui/vehicles/35bd0fe7-1e25-44d3-b795-ac3e39809d2b"
"3C4NJDCB7NT201394",2022,"Jeep Compass High Altitude",32574,"4WD","2.4L",22100,"Michigan",,"https://smartauctionlogin.com/ui/vehicles/49706544-ccd4-4c31-afb5-fd36feda6b29"
"3C4NJDCB3NT233257",2022,"Jeep Compass Limited",20664,"4WD","2.4L",23000,"Michigan",,"https://smartauctionlogin.com/ui/vehicles/fe4ddec1-3c42-47aa-9d5a-1c418508a13f"
"1C6SRFFTXKN765832",2019,"Ram Pickup 1500 Big Horn/Lone Star",77239,"4WD","Engine Size Unspecified",25100,"Illinois",,"https://smartauctionlogin.com/ui/vehicles/b2558d6c-f2fc-408a-965b-f0df06217ce0"
"1GTR1MEC8JZ360287",2018,"GMC Sierra 1500 SLE",86021,"RWD","Engine Size Unspecified",19700,"Tennessee",,"https://smartauctionlogin.com/ui/vehicles/f5736ab8-b2b7-43e5-ae1a-49059e1b8db5"
"1C4RDJEG1PC592492",2023,"Dodge Durango Citadel",30063,"AWD","Engine Size Unspecified",35700,"Michigan",,"https://smartauctionlogin.com/ui/vehicles/c6b1c7bb-7100-4c77-be08-44db03231499"
"1GNSKGKL3NR322323",2022,"Chevrolet Suburban 1500 High Country",42301,"4WD","6.2L",56500,"Florida",,"https://smartauctionlogin.com/ui/vehicles/c0cb0324-acc5-493c-989f-b32643448b06"
"5TFMA5DB0PX102505",2023,"Toyota Tundra 1794 Edition",25777,"4WD","3.4L",53000,"Florida",,"https://smartauctionlogin.com/ui/vehicles/531e7b78-9328-4d4c-91db-0af6a310cb3b"
"1C4RJHBG9PC533714",2023,"Jeep Grand Cherokee Limited",25430,"4WD","3.6L",31800,"Minnesota",,"https://smartauctionlogin.com/ui/vehicles/909d086c-3588-4255-8e38-223a89a318a9"
"4S4BTANC9P3222372",2023,"Subaru Outback Limited",24149,"AWD","2.5L",28600,"Massachusetts",,"https://smartauctionlogin.com/ui/vehicles/1128dd96-b8c0-4612-8cd7-73ed2692b80d"
"1GYS4CKJ4HR253988",2017,"Cadillac Escalade Premium Luxury",98019,"4WD","6.2L",24100,"Illinois",,"https://smartauctionlogin.com/ui/vehicles/f7d9a5ff-bf94-4171-9172-82c1606524ea"
"1FTEW1EG2JFA97362",2018,"Ford F-150 XLT",105492,"4WD","Engine Size Unspecified",19400,"Oklahoma",,"https://smartauctionlogin.com/ui/vehicles/7d830e40-75b9-4f63-bbdf-03b61a08f03f"
"1C6SRFFT7PN652105",2023,"Ram Pickup 1500 Big Horn",25579,"4WD","Engine Size Unspecified",38900,"Indiana",,"https://smartauctionlogin.com/ui/vehicles/cf62d44b-67ee-4995-9f59-5304081395ba"
"1C4RJHAG8PC562722",2023,"Jeep Grand Cherokee Laredo",32408,"4WD","3.6L",29900,"Michigan",,"https://smartauctionlogin.com/ui/vehicles/70f09379-9f99-423e-9089-9e21c3a48b17"
"1GYFZCR45RF148379",2024,"Cadillac XT4 FWD Premium Luxury",38969,"FWD","2.0L",29700,"Alabama",,"https://smartauctionlogin.com/ui/vehicles/d6c370b4-b657-4c0b-b9f9-941d0f4cd9a9"
"5YJ3E1EA1SF972037",2025,"Tesla Model 3 Standard",10997,"RWD","Engine Size Unspecified",36300,"Florida",,"https://smartauctionlogin.com/ui/vehicles/b3dad698-7159-4506-ad52-059aaffaf7bb"
"1FTFW1E4XKFC91231",2019,"Ford F-150 XLT",77625,"4WD","Engine Size Unspecified",23200,"Maryland",,"https://smartauctionlogin.com/ui/vehicles/00f3c584-433f-4b3e-88e3-55e4a9665789"
"1C6SRFKTXLN203372",2020,"Ram Pickup 1500 Longhorn",69406,"4WD","Engine Size Unspecified",37700,"Georgia",,"https://smartauctionlogin.com/ui/vehicles/aa4499cd-6300-4bb3-b5bf-40d10a88eff3"
"1C4RJXFG2RW226360",2024,"Jeep Wrangler Unlimited Rubicon",9315,"4WD","Engine Size Unspecified",44400,"Alabama",,"https://smartauctionlogin.com/ui/vehicles/083ff01b-8ef2-4301-a731-77ca8dc2aab2"
"1C4RJHAGXRC121600",2024,"Jeep Grand Cherokee Altitude",29390,"4WD","3.6L",31100,"Michigan",,"https://smartauctionlogin.com/ui/vehicles/d1b2af82-5c23-436a-bbc2-5e4549c2b7a7"
"1C4RJHAG3PC549246",2023,"Jeep Grand Cherokee Laredo",46062,"4WD","3.6L",28800,"New Jersey",,"https://smartauctionlogin.com/ui/vehicles/5c0be132-f52f-4726-bd06-d25a0c5493e3"
"1GCUYEED5KZ264753",2019,"Chevrolet Silverado 1500 RST",58964,"4WD","Engine Size Unspecified",31900,"Louisiana",,"https://smartauctionlogin.com/ui/vehicles/228d154c-2576-4822-adb7-039db9118901"
"WDDSJ4EB9KN710419",2019,"Mercedes-Benz CLA-Class CLA 250",45611,"FWD","2.0L",18100,"Florida",,"https://smartauctionlogin.com/ui/vehicles/67d4c109-aa44-47fd-96ae-cb4430c242a8"
"1C6RR7GG6NS230587",2022,"Ram 1500 Classic Warlock",30840,"4WD","Engine Size Unspecified",31300,"Minnesota",,"https://smartauctionlogin.com/ui/vehicles/0456d829-8e13-445c-bafa-49df99e5570a"
"1GNSKNKD7PR120214",2023,"Chevrolet Tahoe LT",30937,"4WD","Engine Size Unspecified",53200,"Michigan",,"https://smartauctionlogin.com/ui/vehicles/375961a6-e912-444f-bb2b-50fd1af18c4a"
"5TFLA5DB9NX046430",2022,"Toyota Tundra SR5",47987,"4WD","3.4L",40000,"Pennsylvania",,"https://smartauctionlogin.com/ui/vehicles/4aed7afb-ef70-43ca-b7ce-73205b78fddd"
"1C4HJXEN3NW251953",2022,"Jeep Wrangler Unlimited Unlimited Sahara",28055,"4WD","Engine Size Unspecified",36000,"Connecticut",,"https://smartauctionlogin.com/ui/vehicles/d1aab1c1-880a-4199-8bda-5c9d99c5f852"
"4JGFF5KEXSB351628",2025,"Mercedes-Benz GLS GLS 450",7451,"AWD","3.0L",76400,"Oklahoma",,"https://smartauctionlogin.com/ui/vehicles/88568f15-842d-4774-8ecf-0eade04d840f"
"1C6SRFFT2KN777862",2019,"Ram Pickup 1500 Big Horn/Lone Star",63162,"4WD","Engine Size Unspecified",28400,"Georgia",,"https://smartauctionlogin.com/ui/vehicles/c5abdd99-477f-44b8-825a-020d9e94b8ed"
"1GCUYGED8LZ257132",2020,"Chevrolet Silverado 1500 LTZ",97654,"4WD","Engine Size Unspecified",31600,"Tennessee",,"https://smartauctionlogin.com/ui/vehicles/73a08cfe-e93a-4863-9584-1e5e8f243c7a"
"3C6UR5CJ7NG304929",2022,"Ram Pickup 2500 Tradesman",44264,"4WD","Engine Size Unspecified",32700,"Vermont",,"https://smartauctionlogin.com/ui/vehicles/b9e735ae-0944-49ec-8103-6c0f74a25d91"
"1C4HJXDG4NW155428",2022,"Jeep Wrangler Unlimited Unlimited Sport S",47507,"4WD","Engine Size Unspecified",30000,"South Carolina",,"https://smartauctionlogin.com/ui/vehicles/c4926758-5323-400b-b838-83b7de71e968"
"1C4PJXEG9RW262345",2024,"Jeep Wrangler Unlimited Sahara",14326,"4WD","Engine Size Unspecified",40900,"Georgia",,"https://smartauctionlogin.com/ui/vehicles/64126cac-c4cf-4220-a52f-c4d0e4315355"
"1GYS4FKL5PR321572",2023,"Cadillac Escalade 4WD Sport",21072,"4WD","Engine Size Unspecified",78200,"Georgia",,"https://smartauctionlogin.com/ui/vehicles/f24e0079-703b-4fd3-8a90-518e5d7de493"
"1C4HJXDG1NW224267",2022,"Jeep Wrangler Unlimited Unlimited Willys",28971,"4WD","Engine Size Unspecified",33200,"Michigan",,"https://smartauctionlogin.com/ui/vehicles/716172dc-56f7-43e9-8111-338860d16d1a"
"1C4HJXDG5NW192178",2022,"Jeep Wrangler Unlimited Unlimited Willys",39405,"4WD","Engine Size Unspecified",31800,"New Jersey",,"https://smartauctionlogin.com/ui/vehicles/38032393-6f1b-469c-8775-5eaaaade3fcb"
"1FTFW1E83NFB49407",2022,"Ford F-150 XLT",107624,"4WD","Engine Size Unspecified",29700,"Tennessee",,"https://smartauctionlogin.com/ui/vehicles/153aa5b5-c1d6-4888-842a-7fb8c9a2798a"
"1C4HJXDG8NW134727",2022,"Jeep Wrangler Unlimited Unlimited Sport",47664,"4WD","Engine Size Unspecified",31000,"Michigan",,"https://smartauctionlogin.com/ui/vehicles/fec6cc27-df6e-4402-803c-48b37b571885"
"1GKS1FKD2NR305323",2022,"GMC Yukon XL SLE",73468,"RWD","Engine Size Unspecified",36100,"Maryland",,"https://smartauctionlogin.com/ui/vehicles/d1f3a9f8-6f68-493c-aa13-30b12cda581f"
"1GYS3BKJ9JR161293",2018,"Cadillac Escalade Luxury",67051,"RWD","6.2L",27800,"Georgia",,"https://smartauctionlogin.com/ui/vehicles/10299991-4985-4a04-8020-8645e311f83a"
"5UXCR6C53KLL09720",2019,"BMW X5 xDrive40i",90485,"AWD","3.0L",27600,"Connecticut",,"https://smartauctionlogin.com/ui/vehicles/aa15c2f4-7c34-41a1-ac2a-fe1a42743039"
"1C4HJXDGXNW116620",2022,"Jeep Wrangler Unlimited Unlimited Willys",87139,"4WD","Engine Size Unspecified",26500,"Connecticut",,"https://smartauctionlogin.com/ui/vehicles/b73ee3cd-c49c-4ca6-bc7d-b86f4321832b"
"1FTFW1E5XPKF22488",2023,"Ford F-150 XL",57250,"4WD","Engine Size Unspecified",44400,"North Carolina",,"https://smartauctionlogin.com/ui/vehicles/de4caf3a-3770-4b75-814f-54bf4f80c5ab"
"LPSBE0YL0LB000199",2020,"Polestar Polestar 1 Trim Unspecified",19599,"AWD","2.0L",51300,"Georgia",,"https://smartauctionlogin.com/ui/vehicles/5660ad92-1417-43a8-abab-c9b50ba95e2c"