"VIN","Year","Make","Model","Trim","Mileage","Opening Price","Buy Now Price","Vehicle Link"
"1C6RR7GG8MS571374","2021","Ram","1500 Classic","Warlock","10942","28000","","https://smartauctionlogin.com/ui/vehicles/981b08fb-221f-4407-956d-0d6a63ba5619"
"1C6RR7GT3MS577676","2021","Ram","1500 Classic","Warlock","63585","25600","","https://smartauctionlogin.com/ui/vehicles/a9ebd292-1ebe-4bf2-8917-44483cf589c6"
"1C6RR7GG0MS584572","2021","Ram","1500 Classic","Warlock","69471","23900","","https://smartauctionlogin.com/ui/vehicles/13e377c7-0774-4bbc-bb5f-bfffd28e877c"
"1C6RR7GGXMS576883","2021","Ram","1500 Classic","Warlock","56935","25100","","https://smartauctionlogin.com/ui/vehicles/4b7fd533-ab61-4920-ab3a-87dc7357d482"
"1C6RR7GT5MS595905","2021","Ram","1500 Classic","Warlock","41454","27900","","https://smartauctionlogin.com/ui/vehicles/f3de2995-fd55-48d7-ae7c-71f307afeaef"
"1C6RR7GT0MS591096","2021","Ram","1500 Classic","Warlock","22904","29800","","https://smartauctionlogin.com/ui/vehicles/f89bf8b1-4439-4339-9cc2-9868347f4e3d"
"1C6RR7GG9MS507554","2021","Ram","1500 Classic","Warlock","41469","27000","","https://smartauctionlogin.com/ui/vehicles/f57d9506-1b7b-4b98-90b0-12617366b60e"
"1C6RR7GG0MS547246","2021","Ram","1500 Classic","Warlock","40012","27200","","https://smartauctionlogin.com/ui/vehicles/9f3e2721-752b-432a-9106-7d0dbe6947d8"
"1C6RR7GG8MS576882","2021","Ram","1500 Classic","Warlock","32986","28000","","https://smartauctionlogin.com/ui/vehicles/d06e773d-79e6-4a25-9ead-4503e03e00f0"
"1C6RR7GG8MS590670","2021","Ram","1500 Classic","Warlock","30347","28500","","https://smartauctionlogin.com/ui/vehicles/7f6a30b6-0208-495a-9d93-4088307f8d1b"
"1C6RR7GG2MS577624","2021","Ram","1500 Classic","Warlock","20338","29200","","https://smartauctionlogin.com/ui/vehicles/730b06c6-c53f-40c9-917a-fc5b14800314"
"1C6RR7GG6MS569008","2021","Ram","1500 Classic","Warlock","31650","28700","","https://smartauctionlogin.com/ui/vehicles/18c49b57-6c9b-49a7-8585-669565ffcd8f"
"1N4BL4DW5MN303490","2021","Nissan","Altima","2.5 SV","49519","18100","","https://smartauctionlogin.com/ui/vehicles/ed7e7069-e8a3-4716-8d22-174c39aae011"
"1V2LP2CAXNC531123","2022","Volkswagen","Atlas","2.0T SE","51789","20300","","https://smartauctionlogin.com/ui/vehicles/e936625d-04ed-4bf8-ac92-5c009e29bae6"
"3GNKBHRS1KS658872","2019","Chevrolet","Blazer","Trim Unspecified","44325","22800","","https://smartauctionlogin.com/ui/vehicles/95c6a66b-dc1a-451a-8d7b-f43be17bc37c"
"3GNKBBRA8LS549248","2020","Chevrolet","Blazer","LT","46519","19700","","https://smartauctionlogin.com/ui/vehicles/b91b4f2a-74ad-4c33-8ff4-730224002e89"
"3GNKBERS5RS160098","2024","Chevrolet","Blazer","RS","2827","43200","","https://smartauctionlogin.com/ui/vehicles/5314d902-de51-4496-ba32-f485695b7c5b"
"1G1FW6S08P4157733","2023","Chevrolet","Bolt EV","1LT","25391","20300","","https://smartauctionlogin.com/ui/vehicles/e4bed46c-cc4c-4294-bdb3-219c7fd2e100"
"1FMDE5AH1NLB03241","2022","Ford","Bronco","Big Bend","26917","36000","","https://smartauctionlogin.com/ui/vehicles/0f59d6b5-539d-42ca-a9c9-489b4b53770d"
"3FMCR9B64NRD47181","2022","Ford","Bronco Sport","Big Bend","24102","24900","","https://smartauctionlogin.com/ui/vehicles/26118ee7-b7e7-4bab-8d71-1d2dc4abf249"
"4T1B11HK5JU118553","2018","Toyota","Camry","Trim Unspecified","72885","16200","","https://smartauctionlogin.com/ui/vehicles/5c640940-936a-4d5f-bd16-3db7bd9017c8"
"4T1G11AK0NU690216","2022","Toyota","Camry","Trim Unspecified","51548","23000","","https://smartauctionlogin.com/ui/vehicles/029f9520-3a5c-4e9f-b393-48b1796278e3"
"4T1F11AK9PU173978","2023","Toyota","Camry","XLE","28670","29500","","https://smartauctionlogin.com/ui/vehicles/babad468-06cf-43c3-8c1f-85ab656812e3"
"1GTG6FEN0N1106261","2022","GMC","Canyon","4WD AT4 w/Cloth","53325","34800","","https://smartauctionlogin.com/ui/vehicles/b4049bbd-8017-4499-8f7a-728339d89557"
"2C3CDXBG6PH619667","2023","Dodge","Charger","SXT","26643","25000","","https://smartauctionlogin.com/ui/vehicles/45cb9c67-f47f-4601-8999-bf842c9f5961"
"2C3CDXJG6PH652167","2023","Dodge","Charger","SXT","1958","31400","","https://smartauctionlogin.com/ui/vehicles/dce56718-7f6b-422f-8bf9-188a04e84f27"
"1C4PJMMN4ND513678","2022","Jeep","Cherokee","Latitude Lux","37070","21200","","https://smartauctionlogin.com/ui/vehicles/52a883b6-7da8-4048-8b20-3f323b2ea752"
"1C4PJMDX4MD217608","2021","Jeep","Cherokee","Limited","37488","21900","","https://smartauctionlogin.com/ui/vehicles/b7538a56-882e-4733-be3e-936c188aef1f"
"1C4PJMDX2MD232737","2021","Jeep","Cherokee","Limited","38924","21900","","https://smartauctionlogin.com/ui/vehicles/7d832358-cddc-4338-92ec-2d061799a861"
"1C4PJMDX0MD161005","2021","Jeep","Cherokee","Limited","23211","23100","","https://smartauctionlogin.com/ui/vehicles/e771d9a3-4d4f-45d1-a6aa-6585213ecb04"
"1C4PJMDX7MD233303","2021","Jeep","Cherokee","Limited","21929","23400","","https://smartauctionlogin.com/ui/vehicles/bdca3370-899c-40e0-aad0-28c7df1051a5"
"1C4PJMDX3MD232763","2021","Jeep","Cherokee","Limited","31456","22600","","https://smartauctionlogin.com/ui/vehicles/418c47a7-2d1d-4e82-a478-1d53a4edfa33"
"1C4PJMDX5LD516426","2020","Jeep","Cherokee","Limited","17387","21800","","https://smartauctionlogin.com/ui/vehicles/7416d21c-bbca-4a75-b346-44a5c7863a90"
"1C4PJMMX9MD218379","2021","Jeep","Cherokee","80th Anniversary","54197","20800","","https://smartauctionlogin.com/ui/vehicles/60e8dde4-06f2-4b7f-bebd-de98f81be564"
"1C4PJMMX6MD233311","2021","Jeep","Cherokee","80th Anniversary","47455","21800","","https://smartauctionlogin.com/ui/vehicles/735f5f2e-8469-4d34-a7f7-84403cb1c75e"
"2HGFE1F90RH335423","2024","Honda","Civic","Touring","19394","30400","","https://smartauctionlogin.com/ui/vehicles/e6fa801e-679c-402a-b8da-912ed3a47465"
"19XFL2H81NE019047","2022","Honda","Civic","Sport","112938","19900","","https://smartauctionlogin.com/ui/vehicles/e72979a2-2ecf-45de-85f8-88091f622110"
"1GCPTBEK2R1151876","2024","Chevrolet","Colorado","4WD Work Truck","7569","38400","","https://smartauctionlogin.com/ui/vehicles/7e87db8f-1f1a-4379-a39d-881825fc9a4d"
"3C4NJDDB7KT739846","2019","Jeep","Compass","Trailhawk","119972","9900","","https://smartauctionlogin.com/ui/vehicles/8a86fccf-44cc-4be5-a1b7-69ce9ec072af"
"3C4NJCAB4MT508307","2021","Jeep","Compass","Sport","67166","13600","","https://smartauctionlogin.com/ui/vehicles/d0e182ca-36fa-4c4a-8170-1d151feb4c79"
"3C4NJDBBXNT115336","2022","Jeep","Compass","Latitude","28505","19800","","https://smartauctionlogin.com/ui/vehicles/7d4c29be-96e7-4109-be55-4550f12e3813"
"3C4NJDBB6NT136314","2022","Jeep","Compass","Latitude","33781","19800","","https://smartauctionlogin.com/ui/vehicles/09be9426-c47c-46c7-84ab-b3dd4a244ff8"
"3C4NJDDB5NT110641","2022","Jeep","Compass","Trailhawk","36505","21200","","https://smartauctionlogin.com/ui/vehicles/232f0fe7-670e-492b-b018-de8c8cfc8d89"
"3C4NJDFB4NT117674","2022","Jeep","Compass","Latitude Lux","21161","21700","","https://smartauctionlogin.com/ui/vehicles/d4a53c31-0317-46df-ba4c-64a9789a6326"
"3C4NJDFB4NT132143","2022","Jeep","Compass","Latitude Lux","22848","21500","","https://smartauctionlogin.com/ui/vehicles/fd6a9bf7-a9c7-4d9b-9285-1f1b4bcb3e60"
"3C4NJDFB1NT114196","2022","Jeep","Compass","Latitude Lux","40641","20300","","https://smartauctionlogin.com/ui/vehicles/bce49317-3121-4ab7-b716-2a62ec042c8c"
"3C4NJDCB7NT136076","2022","Jeep","Compass","Limited","30607","21900","","https://smartauctionlogin.com/ui/vehicles/a22d4ea1-62fc-4c0b-ae63-0acff6bfe549"
"3C4NJDCB8NT102504","2022","Jeep","Compass","Limited","31984","21800","","https://smartauctionlogin.com/ui/vehicles/9adcb22f-810e-4e5c-ad54-5da9b6d5806d"
"3C4NJDCB1NT114929","2022","Jeep","Compass","Limited","18002","22800","","https://smartauctionlogin.com/ui/vehicles/68d8d0be-b175-4254-9e29-a2be32ad0c48"
"3C4NJDCB5NT112035","2022","Jeep","Compass","Limited","25657","22400","","https://smartauctionlogin.com/ui/vehicles/684e0c1e-329a-464c-b93e-201bd33e6a35"
"3C4NJDCB8NT110120","2022","Jeep","Compass","Limited","13146","23300","","https://smartauctionlogin.com/ui/vehicles/0e7d3340-fe3a-43e6-895f-6ed2bf784e90"
"3C4NJDCB3NT110266","2022","Jeep","Compass","Limited","35841","21900","","https://smartauctionlogin.com/ui/vehicles/5d4b1c77-08ad-4943-987b-2c551da87b83"
"3C4NJDDB0NT132921","2022","Jeep","Compass","Trailhawk","25107","22700","","https://smartauctionlogin.com/ui/vehicles/aedb5af1-60b6-4915-b2f3-372934772736"
"3C4NJDCBXNT104691","2022","Jeep","Compass","Limited","45566","21500","","https://smartauctionlogin.com/ui/vehicles/cfe3e616-1b60-428d-b32a-e717599ce8a1"
"3C4NJDCB9NT113253","2022","Jeep","Compass","Limited","17245","23400","","https://smartauctionlogin.com/ui/vehicles/b58b8edc-7772-4762-8e00-b7277b892c34"
"3C4NJDCB2NT184150","2022","Jeep","Compass","Limited","22353","23100","","https://smartauctionlogin.com/ui/vehicles/17e71d09-509e-4987-b110-c0f44e3ce245"
"3C4NJDCB7NT116863","2022","Jeep","Compass","Limited","12050","24000","","https://smartauctionlogin.com/ui/vehicles/6d812012-bd24-43c5-a176-cf8d1c82e107"
"3C4NJDCB4NT155412","2022","Jeep","Compass","Limited","24660","23300","","https://smartauctionlogin.com/ui/vehicles/41ec8cf6-7417-4cb6-8789-9fbe6a7bb1b9"
"3C4NJDCB5NT110107","2022","Jeep","Compass","Limited","29929","22900","","https://smartauctionlogin.com/ui/vehicles/7b8ee59b-3ea2-4b8d-b021-7a4524be4747"
"3C4NJDCB2NT179272","2022","Jeep","Compass","(RED) Edition","28056","23100","","https://smartauctionlogin.com/ui/vehicles/aca8e90c-1bd3-4bd7-ba59-936f44d54cc8"
"3C4NJDCB0NT121726","2022","Jeep","Compass","Limited","14116","24100","","https://smartauctionlogin.com/ui/vehicles/e276d710-b209-4c90-a545-d9f3df944a1d"
"3C4NJDBN0PT524457","2023","Jeep","Compass","Latitude","16065","24100","","https://smartauctionlogin.com/ui/vehicles/ddad044f-01c7-47fa-93b0-0cc3e1488e1a"
"JTDS4RCEXLJ050380","2020","Toyota","Corolla","Trim Unspecified","82561","13800","","https://smartauctionlogin.com/ui/vehicles/e0471a40-7e80-49c1-8181-db5ce5c622db"
"1G1YC3D47P5504205","2023","Chevrolet","Corvette","3LT","7645","88500","","https://smartauctionlogin.com/ui/vehicles/ab9ce073-e9da-4d39-adc9-0ff6ec27b753"
"JTDAAAAF1P3008479","2023","Toyota","Crown","Limited","28007","35000","","https://smartauctionlogin.com/ui/vehicles/14637017-08c5-441d-8cce-7ebbcc903e65"
"JM3KFBCM0N0569513","2022","Mazda","CX-5","2.5 S Preferred Package","43880","25400","","https://smartauctionlogin.com/ui/vehicles/dcb21253-0a9a-4e79-81e4-2e1b219eb22c"
"1C4RDJAG7NC129985","2022","Dodge","Durango","SXT","86549","19300","","https://smartauctionlogin.com/ui/vehicles/71129d31-aa4c-4097-af1b-f5fc872fe666"
"1C4RDHDG1LC301364","2020","Dodge","Durango","GT Plus","74965","20400","","https://smartauctionlogin.com/ui/vehicles/ff05b4bc-8f78-40ab-b5ef-652354502e1e"
"1C4RDJDG8MC848219","2021","Dodge","Durango","GT Plus","30967","29200","","https://smartauctionlogin.com/ui/vehicles/4bacf808-ec72-43b8-bdab-a4b82980b2a2"
"1C4RDJDG1MC806300","2021","Dodge","Durango","GT Plus","34944","29200","","https://smartauctionlogin.com/ui/vehicles/ac81e340-da20-42fe-9d5a-7a6ee4687cce"
"1C4RDJDG5RC227768","2024","Dodge","Durango","GT","5178","42100","","https://smartauctionlogin.com/ui/vehicles/6046748d-a14f-4599-935e-52ca5d98e5e3"
"1C4RDJDG2MC883919","2021","Dodge","Durango","GT Plus","33402","32700","","https://smartauctionlogin.com/ui/vehicles/cb4b55e9-e260-4c54-a1c1-31d2c2be7317"
"JA4ATWAA0NZ054725","2022","Mitsubishi","Eclipse Cross","SE","28975","18500","","https://smartauctionlogin.com/ui/vehicles/c5850e81-2f50-42b3-98cf-54d66167ded2"
"JA4ATWAA8NZ000492","2022","Mitsubishi","Eclipse Cross","SE","56822","17800","","https://smartauctionlogin.com/ui/vehicles/52831f9c-15d3-405f-8186-11f5b2859c0e"
"2FMPK3J99KBB85444","2019","Ford","Edge","SEL","54951","15200","","https://smartauctionlogin.com/ui/vehicles/11330e05-0319-49ad-aed6-de4ec3f039a2"
"5NPD84LF2LH569330","2020","Hyundai","Elantra","SEL","93211","9700","","https://smartauctionlogin.com/ui/vehicles/56d89f03-7b0b-4493-bfdf-eb46fe8b69ec"
"KL4MMESL9PB078764","2023","Buick","Encore GX","Select","33198","23500","","https://smartauctionlogin.com/ui/vehicles/23f3ff21-44cb-4bf9-b447-a00cfaa5a1e4"
"KL4MMDSL9PB125091","2023","Buick","Encore GX","Select","20482","23200","","https://smartauctionlogin.com/ui/vehicles/5b2036b3-2fda-491b-80c7-c989d477fa3e"
"LRBFZNR44PD013368","2023","Buick","Envision","Essence","11367","27700","","https://smartauctionlogin.com/ui/vehicles/79968bf4-5b0a-4e42-8c4c-05564d736e6c"
"KL47LAE28RB018909","2024","Buick","Envista","Preferred","10971","21500","","https://smartauctionlogin.com/ui/vehicles/2d276340-a64d-4773-a59c-7e58d636a91f"
"2GNAXJEVXJ6314958","2018","Chevrolet","Equinox","LT","112352","8700","","https://smartauctionlogin.com/ui/vehicles/18e1104e-a87d-4ba0-9004-a1644d64265d"
"2GNAXHEV0L6178240","2020","Chevrolet","Equinox","LS","62777","14300","","https://smartauctionlogin.com/ui/vehicles/5bd77572-e744-4d00-bb65-dfd48477213f"
"2GNAXUEV8K6190868","2019","Chevrolet","Equinox","LT","71640","14300","","https://smartauctionlogin.com/ui/vehicles/e9630450-6ffa-43c2-9ad7-0a3b188797c1"
"3GNAXHEV7MS134786","2021","Chevrolet","Equinox","LS","32123","18100","","https://smartauctionlogin.com/ui/vehicles/161d8a00-fabf-4e76-bb15-137b92195e9c"
"3GNAXWEG7RS104748","2024","Chevrolet","Equinox","RS","33812","29000","","https://smartauctionlogin.com/ui/vehicles/32f2bcd1-83d4-499f-8dc0-81a9f7ad8391"
"3GNAXMEG4PL233073","2023","Chevrolet","Equinox","RS","27251","27100","","https://smartauctionlogin.com/ui/vehicles/b4b430b6-f38e-4ab8-8584-5758755fa3d9"
"1GYS4PKL4PR195968","2023","Cadillac","Escalade ESV","4WD Sport","63284","81900","","https://smartauctionlogin.com/ui/vehicles/5adb5e42-f792-40b9-a9a9-450b34aaa28f"
"1FMCU9G66LUC63702","2020","Ford","Escape","SE","54196","14300","","https://smartauctionlogin.com/ui/vehicles/59ae4d34-1920-4d81-bbb6-2b75b4d62274"
"1FMCU9G65MUB09273","2021","Ford","Escape","SE","28154","17500","","https://smartauctionlogin.com/ui/vehicles/090c9b3f-284d-4b59-8b0e-831f8ebbc979"
"1FMSK8FH4MGB55562","2021","Ford","Explorer","Limited","73281","25600","","https://smartauctionlogin.com/ui/vehicles/341ab715-5187-4265-8c51-e5571a07da03"
"1GCWGAFP6L1277430","2020","Chevrolet","Express 2500","Trim Unspecified","60579","15800","","https://smartauctionlogin.com/ui/vehicles/98fd62be-722e-4d20-82ad-1779ad44c0ce"
"1GCWGAFP6M1241870","2021","Chevrolet","Express 2500","Trim Unspecified","36530","21800","","https://smartauctionlogin.com/ui/vehicles/41170de6-a9bd-4be2-8d71-dc40f9fab298"
"1FTFW1E5XMFB95949","2021","Ford","F-150","XLT","60125","41700","","https://smartauctionlogin.com/ui/vehicles/d0adce58-15b2-48a6-8e22-627902621462"
"3KPF24AD7PE529900","2023","Kia","Forte","LXS","15324","17900","","https://smartauctionlogin.com/ui/vehicles/1aacdfa7-81db-4836-8d08-007e27d6995e"
"3KPF24AD0RE758602","2024","Kia","Forte","LXS","6903","19400","","https://smartauctionlogin.com/ui/vehicles/8fab5573-e9df-45ef-9d9b-6bb387c820f1"
"3FA6P0K93LR128552","2020","Ford","Fusion","Titanium","111746","7200","","https://smartauctionlogin.com/ui/vehicles/9949193c-fc11-4547-8dfe-e0bc4583feed"
"3FA6P0K97LR137268","2020","Ford","Fusion","Titanium","91378","9000","","https://smartauctionlogin.com/ui/vehicles/087ecf4b-e7db-4962-aab2-58759b55c200"
"3FA6P0H78JR278000","2018","Ford","Fusion","SE","85978","10300","","https://smartauctionlogin.com/ui/vehicles/dfc83833-54f1-43d2-86a1-3d5093af8b7d"
"1C6HJTAGXML588532","2021","Jeep","Gladiator","Willys","40468","27400","","https://smartauctionlogin.com/ui/vehicles/e5b94add-4b46-45b2-a87c-d360dea85f70"
"1C6HJTAGXNL141376","2022","Jeep","Gladiator","Willys","29273","30000","","https://smartauctionlogin.com/ui/vehicles/11ef0142-bd0c-4301-8ca5-50f822253b95"
"1C6HJTAG3ML580787","2021","Jeep","Gladiator","Sport S","48393","27000","","https://smartauctionlogin.com/ui/vehicles/845a95f0-343f-4790-9dd2-1abbca40f57e"
"1C6HJTAG7ML517885","2021","Jeep","Gladiator","Sport","34352","27500","","https://smartauctionlogin.com/ui/vehicles/78ee697d-726c-49f6-98db-ab4888c0b7de"
"1C6HJTAG8ML602654","2021","Jeep","Gladiator","Willys","36548","28300","","https://smartauctionlogin.com/ui/vehicles/bec6cfd0-5478-4ee2-b4d9-e7f82657762d"
"1C6JJTAG0ML541706","2021","Jeep","Gladiator","Sport S","29942","29600","","https://smartauctionlogin.com/ui/vehicles/5bc3a675-0bfb-4f2b-9dab-2bbfec7d7a48"
"1C6JJTAG3PL554132","2023","Jeep","Gladiator","Sport S","7007","36300","","https://smartauctionlogin.com/ui/vehicles/122d813a-04f0-47e3-aa6a-e2ec72b03701"
"WDC0G4KB4JV023426","2018","Mercedes-Benz","GLC","GLC 300","75882","17100","","https://smartauctionlogin.com/ui/vehicles/98b4f876-4bed-41ea-9621-0741e2d21e99"
"2C4RDGCG6KR689371","2019","Dodge","Grand Caravan","SXT","41709","16500","","https://smartauctionlogin.com/ui/vehicles/71cf7a1c-83a1-4cac-a592-2fda9ce66651"
"1C4RJFAG5KC552596","2019","Jeep","Grand Cherokee","Altitude","75080","18900","","https://smartauctionlogin.com/ui/vehicles/96077442-81b6-4cef-8e2b-115fb73ff25a"
"1C4RJFBG7LC350407","2020","Jeep","Grand Cherokee","Limited","62302","21700","","https://smartauctionlogin.com/ui/vehicles/924e7d69-e99d-40b8-9195-b3b4e1ab917d"
"1C4RJHBG3N8540884","2022","Jeep","Grand Cherokee","Limited","30944","31200","","https://smartauctionlogin.com/ui/vehicles/9e6eb53b-4b9d-4fe2-af06-e690380ef502"
"1C4RJFLG5MC769324","2021","Jeep","Grand Cherokee","Trailhawk","11642","29400","","https://smartauctionlogin.com/ui/vehicles/349da5da-68ac-44c8-a4c9-85cc2b83ddca"
"1C4RJFCG5KC526903","2019","Jeep","Grand Cherokee","High Altitude","103428","19600","","https://smartauctionlogin.com/ui/vehicles/8e9c1cf5-7b7c-4eab-90af-24fe2f25a214"
"1C4RJEBG9MC844571","2021","Jeep","Grand Cherokee","Limited","18899","25900","","https://smartauctionlogin.com/ui/vehicles/a6d5821a-6fd6-4d3d-a85d-5a64a92e6153"
"1C4RJFBT3MC883949","2021","Jeep","Grand Cherokee","Limited","49878","25500","","https://smartauctionlogin.com/ui/vehicles/19ec561c-4f79-445a-adf2-d3ef05b50fa1"
"1C4RJHBG0PC599455","2023","Jeep","Grand Cherokee","Limited","23319","33300","","https://smartauctionlogin.com/ui/vehicles/cc307bcb-2e08-4262-abaf-d2f84fa7d2b5"
"1C4RJHBG0PC548909","2023","Jeep","Grand Cherokee","Limited","28406","33200","","https://smartauctionlogin.com/ui/vehicles/b93f917c-b1ff-4813-b8e7-f8c51afde531"
"1C4RJHAGXPC594314","2023","Jeep","Grand Cherokee","Laredo","30536","30700","","https://smartauctionlogin.com/ui/vehicles/5d449302-dd9a-430a-bc6b-3112a075211b"
"1C4RJFBG2MC768245","2021","Jeep","Grand Cherokee","80th Anniversary","44213","27000","","https://smartauctionlogin.com/ui/vehicles/0515a64f-4e2d-45a1-addb-f81636ac4fed"
"1C4RJHAG6PC570057","2023","Jeep","Grand Cherokee","Altitude","19475","31900","","https://smartauctionlogin.com/ui/vehicles/799a2f7d-be1e-4ad9-b87d-862992379552"
"1C4RJHAG0PC608480","2023","Jeep","Grand Cherokee","Altitude","29021","30800","","https://smartauctionlogin.com/ui/vehicles/32c19eba-fc17-4f39-bb06-f72af44bc2b1"
"1C4RJFBG3MC592435","2021","Jeep","Grand Cherokee","Limited","18197","29200","","https://smartauctionlogin.com/ui/vehicles/564f9b34-34d9-4828-a3a7-5972b16e1e9b"
"1C4RJFBG7MC588940","2021","Jeep","Grand Cherokee","Limited","34883","27800","","https://smartauctionlogin.com/ui/vehicles/af936ab5-c1d6-42c2-b54a-c28deac9380c"
"1C4RJFAG8MC889508","2021","Jeep","Grand Cherokee","Laredo E","46456","24200","","https://smartauctionlogin.com/ui/vehicles/3c514adc-a088-43fe-9ba7-9a08bbde8918"
"1C4RJFBG3MC876437","2021","Jeep","Grand Cherokee","Limited","39793","27900","","https://smartauctionlogin.com/ui/vehicles/8d1f2639-77e0-4912-8f27-fcba9f5b191d"
"1C4RJHBG7PC562953","2023","Jeep","Grand Cherokee","Limited","15559","35400","","https://smartauctionlogin.com/ui/vehicles/289e6f35-3279-4c49-a8a3-6c40ef8d61bc"
"1C4RJFAG6MC745651","2021","Jeep","Grand Cherokee","Laredo X","34208","26600","","https://smartauctionlogin.com/ui/vehicles/bf75895a-a03b-42e6-92b3-ebc7dde0fcf3"
"1C4RJFBG3MC863364","2021","Jeep","Grand Cherokee","80th Anniversary","38685","28800","","https://smartauctionlogin.com/ui/vehicles/2dcb0331-1b85-4de1-93c7-ec99d1d05a2d"
"1C4RJHDG8P8853946","2023","Jeep","Grand Cherokee","Overland","29129","47000","","https://smartauctionlogin.com/ui/vehicles/0af744fe-418a-4177-948d-bad2bc6d48e7"
"1C4RJYB69P8774103","2023","Jeep","Grand Cherokee 4xe","Trim Unspecified","11004","31600","","https://smartauctionlogin.com/ui/vehicles/2ff8d971-3d8e-4673-8029-32f3b017d90a"
"1C4RJKAG5P8872259","2023","Jeep","Grand Cherokee L","Altitude","45967","28700","","https://smartauctionlogin.com/ui/vehicles/e6a6eef5-5a4b-4a19-b98e-6323e3162630"
"1C4RJKBGXM8189662","2021","Jeep","Grand Cherokee L","Limited","41695","28300","","https://smartauctionlogin.com/ui/vehicles/832efe63-17d3-49e3-8cb4-2f91ecd97f3b"
"1C4RJKAG6N8547150","2022","Jeep","Grand Cherokee L","Laredo","26361","29500","","https://smartauctionlogin.com/ui/vehicles/a2b7503e-2d8f-46f0-ae43-4d244a717e5a"
"1C4RJKAGXP8799521","2023","Jeep","Grand Cherokee L","Altitude","33743","30700","","https://smartauctionlogin.com/ui/vehicles/dc124353-f3bb-4f4c-b036-4f2dfc088411"
"1C4RJKBG5M8142989","2021","Jeep","Grand Cherokee L","Limited","36097","29300","","https://smartauctionlogin.com/ui/vehicles/59e63a94-f9f5-43d5-91cb-57a63a98c764"
"1C4RJKAGXP8782377","2023","Jeep","Grand Cherokee L","Laredo","37929","30300","","https://smartauctionlogin.com/ui/vehicles/b36a4702-26f9-48bc-b19f-55e11aa7738a"
"1C4RJKBG6M8113887","2021","Jeep","Grand Cherokee L","Limited","47602","28500","","https://smartauctionlogin.com/ui/vehicles/94d249b5-ffd4-4633-9a2e-352f55e2a463"
"1C4RJKDG6P8782730","2023","Jeep","Grand Cherokee L","Overland","23659","39500","","https://smartauctionlogin.com/ui/vehicles/dc7434c7-a7bc-4cb0-b9e4-5e4245e660ec"
"1C4RJKAG9P8749869","2023","Jeep","Grand Cherokee L","Altitude","23103","31500","","https://smartauctionlogin.com/ui/vehicles/2df151dd-0f84-47a2-9dd9-a20ff9ca4fd7"
"1C4RJKBGXN8526672","2022","Jeep","Grand Cherokee L","Limited","32630","32000","","https://smartauctionlogin.com/ui/vehicles/4635a894-ccca-4319-8175-1693ce415cb0"
"1C4RJKBGXM8140526","2021","Jeep","Grand Cherokee L","Limited","30142","30300","","https://smartauctionlogin.com/ui/vehicles/243e7df4-2728-4c75-bd22-b03cb7b61b9c"
"1C4RJKBG2M8182902","2021","Jeep","Grand Cherokee L","Limited","30381","30200","","https://smartauctionlogin.com/ui/vehicles/29846b28-ab4b-434c-94ee-0c0f0d912049"
"1C4RJKBG1M8133948","2021","Jeep","Grand Cherokee L","Limited","24342","30800","","https://smartauctionlogin.com/ui/vehicles/0186a781-f486-4fe3-a7cf-5f2837ab8267"
"1C4RJKBG7M8150415","2021","Jeep","Grand Cherokee L","Limited","32418","30300","","https://smartauctionlogin.com/ui/vehicles/1a5c4240-70b4-4b4a-9d0f-a2ac78d6b6c8"
"1C4RJKBG5M8144046","2021","Jeep","Grand Cherokee L","Limited","17323","31400","","https://smartauctionlogin.com/ui/vehicles/ea1a3855-0353-40e9-82dc-5e9e882351cd"
"1C4RJKAGXN8553887","2022","Jeep","Grand Cherokee L","Altitude","43189","28800","","https://smartauctionlogin.com/ui/vehicles/2d064b84-ff22-4db2-a151-98e2c4c2e026"
"1C4RJKBGXN8512996","2022","Jeep","Grand Cherokee L","Limited","45031","31100","","https://smartauctionlogin.com/ui/vehicles/36dbe64a-c307-4aac-951c-1408776f3280"
"1C4RJKAGXM8131357","2021","Jeep","Grand Cherokee L","Laredo","39598","27900","","https://smartauctionlogin.com/ui/vehicles/e6677c1e-13ab-423d-b943-a857155f4e02"
"1C4RJKBG1N8547426","2022","Jeep","Grand Cherokee L","Limited","29827","33200","","https://smartauctionlogin.com/ui/vehicles/3492b564-1ec8-4be0-b7c0-651d6700ca47"
"1C4RJKBG5P8733070","2023","Jeep","Grand Cherokee L","Limited","36012","33700","","https://smartauctionlogin.com/ui/vehicles/5bf59658-9bfe-4326-a5c3-abcf7cf9ccc4"
"1C4RJKAG2P8731259","2023","Jeep","Grand Cherokee L","Laredo","18927","32400","","https://smartauctionlogin.com/ui/vehicles/769eccff-17b4-471e-9616-09e38048435d"
"1C4RJKAG1P8794093","2023","Jeep","Grand Cherokee L","Laredo","20512","32200","","https://smartauctionlogin.com/ui/vehicles/3ba07ca8-63f9-4b85-bdc5-3be7c3696a63"
"1C4RJKAGXP8739240","2023","Jeep","Grand Cherokee L","Altitude","13927","32600","","https://smartauctionlogin.com/ui/vehicles/e04e4d5c-9e8d-4954-be96-37f290c770fe"
"1C4RJKAG0P8793730","2023","Jeep","Grand Cherokee L","Laredo","19769","32400","","https://smartauctionlogin.com/ui/vehicles/0dbaceb6-b626-4678-9104-8e56de43c6a9"
"1C4RJKBGXN8552964","2022","Jeep","Grand Cherokee L","Limited","34946","33100","","https://smartauctionlogin.com/ui/vehicles/6d297185-b09d-42b7-a5ca-2dd652846583"
"1C4RJKBG2N8522647","2022","Jeep","Grand Cherokee L","Limited","38245","31900","","https://smartauctionlogin.com/ui/vehicles/0b8f1f07-4a80-4075-b54d-f7ab385a532f"
"1C4RJKAG3P8771852","2023","Jeep","Grand Cherokee L","Laredo","10588","33400","","https://smartauctionlogin.com/ui/vehicles/0e5f24d1-5d16-4412-8667-a67a91868fce"
"1C4RJKBG1P8810856","2023","Jeep","Grand Cherokee L","Limited","31814","34800","","https://smartauctionlogin.com/ui/vehicles/fb02caa5-5eb3-42bd-91e3-8a2069b91395"
"1C4RJKBG1P8753056","2023","Jeep","Grand Cherokee L","Limited","30585","34300","","https://smartauctionlogin.com/ui/vehicles/4024a901-e299-4cc7-8802-0e3f992f660e"
"1C4RJKBG7P8732583","2023","Jeep","Grand Cherokee L","Limited","30509","34400","","https://smartauctionlogin.com/ui/vehicles/b83574d2-c622-4c8e-b2e5-8feff4b4cb12"
"1C4RJKAG7M8179981","2021","Jeep","Grand Cherokee L","Altitude","31858","29400","","https://smartauctionlogin.com/ui/vehicles/f2697593-5cf9-4e8c-9841-9381ea69fac6"
"1C4RJKBG7N8546409","2022","Jeep","Grand Cherokee L","Limited","39647","32400","","https://smartauctionlogin.com/ui/vehicles/b3362a05-a73a-4296-9a20-51a5086031b9"
"1C4RJKAG2P8793731","2023","Jeep","Grand Cherokee L","Laredo","17020","33400","","https://smartauctionlogin.com/ui/vehicles/259cf03f-629b-4484-9c79-e461bf8979ec"
"1C4RJKBG1P8711258","2023","Jeep","Grand Cherokee L","Limited","5399","37000","","https://smartauctionlogin.com/ui/vehicles/cfe1f103-e348-4823-b5e6-d2724b37ade5"
"1C4RJKAG5P8834689","2023","Jeep","Grand Cherokee L","Laredo","9918","34200","","https://smartauctionlogin.com/ui/vehicles/c58be333-d44f-40ef-888f-d1c9b252f0f2"
"1C4RJKBG5P8799196","2023","Jeep","Grand Cherokee L","Limited","26247","34900","","https://smartauctionlogin.com/ui/vehicles/212bc9bd-4334-48ec-8cf3-9419769d715a"
"1C4RJKAG6P8736898","2023","Jeep","Grand Cherokee L","Altitude","18389","34300","","https://smartauctionlogin.com/ui/vehicles/411a6285-f407-4a17-bd6d-89295f76be94"
"1C4RJKBG0P8809360","2023","Jeep","Grand Cherokee L","Limited","22172","35500","","https://smartauctionlogin.com/ui/vehicles/bceff1e2-0b52-447f-9d2a-59911981e317"
"1C4RJKBG5P8839888","2023","Jeep","Grand Cherokee L","Limited","20587","35700","","https://smartauctionlogin.com/ui/vehicles/0c214d5d-e5a9-4c1b-852e-5f80484e26cf"
"1C4RJKBG6P8832903","2023","Jeep","Grand Cherokee L","Limited","18398","36700","","https://smartauctionlogin.com/ui/vehicles/dcf0a39e-64b9-4efa-b78d-9ffd3aa38d38"
"1C4RJKBG2P8810896","2023","Jeep","Grand Cherokee L","Limited","17382","36800","","https://smartauctionlogin.com/ui/vehicles/ee505cc6-0e51-4199-a162-eedbb67f43db"
"1C4RJKBG9P8797208","2023","Jeep","Grand Cherokee L","Limited","23777","36000","","https://smartauctionlogin.com/ui/vehicles/32650a57-40a8-4b16-bc7c-4356d0ad9bcb"
"1C4RJKBG2P8797163","2023","Jeep","Grand Cherokee L","Limited","13943","37200","","https://smartauctionlogin.com/ui/vehicles/4783e800-d34f-43b3-95af-2c6355df46ad"
"1C4RJFBG9NC122895","2022","Jeep","Grand Cherokee WK","Limited","57488","23400","","https://smartauctionlogin.com/ui/vehicles/4b1e68ed-992e-4e16-bbc7-ae494300c4a5"
"1C4SJVGJ8NS111912","2022","Jeep","Grand Wagoneer","Series III","34880","56300","","https://smartauctionlogin.com/ui/vehicles/d68733d3-e7bf-4d07-9cc3-d0550e01dfc2"
"5TDCZRAH6NS538508","2022","Toyota","Highlander","L","56416","25500","","https://smartauctionlogin.com/ui/vehicles/a8099510-8897-47b9-b41a-35f87ce4d8c5"
"5TDCZRBH3NS560688","2022","Toyota","Highlander","L","46633","28200","","https://smartauctionlogin.com/ui/vehicles/5dadf416-c8dc-4d96-b93b-f00dacc58c0f"
"5TDHZRBH2MS546592","2021","Toyota","Highlander","XLE","76570","28200","","https://smartauctionlogin.com/ui/vehicles/ffa114a3-f908-4ebf-ae8f-78fd38141505"
"5TDBZRBH4NS188743","2022","Toyota","Highlander","LE","29765","30800","","https://smartauctionlogin.com/ui/vehicles/a989701b-bad5-4486-84de-4b743ea31d75"
"3VWBM7BU6PM045809","2023","Volkswagen","Jetta","Sport","21913","19500","","https://smartauctionlogin.com/ui/vehicles/b3a335d4-555f-402e-99eb-8f8c2503191c"
"3C4PDCAB6LT254470","2020","Dodge","Journey","SE Value","77838","11200","","https://smartauctionlogin.com/ui/vehicles/f9f6de41-d363-4996-8de8-b9d4e23f15d6"
"3N1CP5BVXRL574364","2024","Nissan","Kicks","S","964","20300","","https://smartauctionlogin.com/ui/vehicles/380511ee-c270-452e-9d96-f68272dca1d2"
"KM8K1CAA2LU434749","2020","Hyundai","Kona","SE","54482","11000","","https://smartauctionlogin.com/ui/vehicles/fecbef6f-71cc-4f41-9ee8-ed21c2230abf"
"KM8K3CAB1PU932787","2023","Hyundai","Kona","SEL","114803","14200","","https://smartauctionlogin.com/ui/vehicles/165eafd2-6595-4266-909f-dff81befae81"
"KM8K6CAA1MU724581","2021","Hyundai","Kona","SEL Plus","33216","17700","","https://smartauctionlogin.com/ui/vehicles/d88cfa5a-7c58-4240-b782-f9c77ce49def"
"KM8K53A38NU805535","2022","Hyundai","Kona","Limited","76119","18900","","https://smartauctionlogin.com/ui/vehicles/77b83422-62f5-44e7-821b-bd3a149db1f9"
"WP1AB2A55KLB33535","2019","Porsche","Macan","S","81046","31200","","https://smartauctionlogin.com/ui/vehicles/4c6d0615-d6fc-49aa-8028-190ad62640e0"
"1G1ZB5ST7RF118118","2024","Chevrolet","Malibu","LS","55270","18100","","https://smartauctionlogin.com/ui/vehicles/4d8baa93-59c8-4ee8-b4a8-8bc3bd487706"
"1G1ZE5ST5RF214062","2024","Chevrolet","Malibu","LT","12390","24700","","https://smartauctionlogin.com/ui/vehicles/514cbb55-42f9-4660-9d42-f9ce69c4b71a"
"1N4AA6AP8JC389623","2018","Nissan","Maxima","S","79308","14900","","https://smartauctionlogin.com/ui/vehicles/1d0ddb6f-4be7-4503-9e74-1ec4e5f3043f"
"3MZBPABM0RM420388","2024","Mazda","Mazda3","2.5 S Select Sport","10176","21800","","https://smartauctionlogin.com/ui/vehicles/4e96e9ff-f7cb-462e-ae7e-42249cfd1207"
"5FNRL6H70JB065873","2018","Honda","Odyssey","EX-L","82619","21000","","https://smartauctionlogin.com/ui/vehicles/e80c1280-751f-4059-9137-fea41635001a"
"5FNRL6H77NB050552","2022","Honda","Odyssey","EX-L","35983","31600","","https://smartauctionlogin.com/ui/vehicles/3b52b1d3-6b6f-4f82-9405-3c5e0744f09d"
"5XXGT4L32KG323129","2019","Kia","Optima","S","80008","10500","","https://smartauctionlogin.com/ui/vehicles/93cb0495-3776-4714-bcdd-24f940aa839e"
"5XXGT4L30LG419844","2020","Kia","Optima","LX","95356","9600","","https://smartauctionlogin.com/ui/vehicles/fc3f87e4-3df5-4dd4-b717-477ae8a979c1"
"5XXGV4L20KG335118","2019","Kia","Optima","SX","49316","15800","","https://smartauctionlogin.com/ui/vehicles/b7b71ca0-4a26-4490-b97c-3f5f04fde913"
"JA4J4TA86NZ046511","2022","Mitsubishi","Outlander","ES","40765","18700","","https://smartauctionlogin.com/ui/vehicles/47597684-60d4-4f61-b310-782773157525"
"JA4J4UA8XNZ056142","2022","Mitsubishi","Outlander","Black Edition","24580","23200","","https://smartauctionlogin.com/ui/vehicles/18028ef4-c581-4f30-9cf1-b366d8617a23"
"JA4J4UA82NZ067636","2022","Mitsubishi","Outlander","SE","33789","22400","","https://smartauctionlogin.com/ui/vehicles/ad4e11e2-3ecb-40b5-b7d9-3b012c168c46"
"JA4J4UA85NZ067937","2022","Mitsubishi","Outlander","SE","33770","22900","","https://smartauctionlogin.com/ui/vehicles/bcd0e422-1bb4-4e81-9dd6-bc90ae2b43c2"
"JA4J3UA89RZ066699","2024","Mitsubishi","Outlander","ES","14041","24700","","https://smartauctionlogin.com/ui/vehicles/d79f8e98-81b3-467b-8651-3caeab29d749"
"JA4ARUAUXPU008610","2023","Mitsubishi","Outlander Sport","SE","6945","21600","","https://smartauctionlogin.com/ui/vehicles/3713c6fb-8c6d-43b9-8e54-7dba733db59f"
"2C4RC1GG9NR128113","2022","Chrysler","Pacifica","Limited","78188","21100","","https://smartauctionlogin.com/ui/vehicles/e7c084f2-3ecb-4306-b535-2bfaade0206d"
"2C4RC3BGXMR578189","2021","Chrysler","Pacifica","Touring L","35679","27800","","https://smartauctionlogin.com/ui/vehicles/912b2faf-2a86-4a8d-9c9e-bcc5c6dac5a8"
"1C6RRFFG5SN518106","2025","Ram","Pickup 1500","Big Horn","5960","38600","","https://smartauctionlogin.com/ui/vehicles/10b0ab72-fa9e-4fea-a0e7-e0c3287a6a5a"
"1C6RRFBGXMN724093","2021","Ram","Pickup 1500","Big Horn","30323","28100","","https://smartauctionlogin.com/ui/vehicles/5b69651e-1178-4652-a581-526e4736750f"
"1C6RRFFG1PN551949","2023","Ram","Pickup 1500","Big Horn","47734","32600","","https://smartauctionlogin.com/ui/vehicles/12ee82f2-db0c-4c71-986b-6e2e6da08a61"
"1C6SRFFT9NN439248","2022","Ram","Pickup 1500","Big Horn","52632","33000","","https://smartauctionlogin.com/ui/vehicles/eaacf7b0-5ec9-45cc-8a1f-ceae64b010af"
"1C6RRFFG1NN212704","2022","Ram","Pickup 1500","Big Horn","35934","33200","","https://smartauctionlogin.com/ui/vehicles/4adb10bb-d237-4d81-b9c5-b8822388f3a6"
"1C6SRFJT5MN773217","2021","Ram","Pickup 1500","Laramie","46564","35400","","https://smartauctionlogin.com/ui/vehicles/2918b7fc-5d61-4a76-b1ab-622c9d5e3f92"
"1C6RRFFG4NN259077","2022","Ram","Pickup 1500","Big Horn","22665","34200","","https://smartauctionlogin.com/ui/vehicles/c1ffe0c2-a942-4bae-a870-0b41915f42c4"
"1C6RRFBG4NN204859","2022","Ram","Pickup 1500","Big Horn","32658","30900","","https://smartauctionlogin.com/ui/vehicles/55a0e888-006b-4779-a5c0-2afef294bcb4"
"1C6SRFBT5NN155671","2022","Ram","Pickup 1500","Big Horn","43136","31500","","https://smartauctionlogin.com/ui/vehicles/898cd405-29d3-429a-ba7c-56e7ea7e6443"
"1C6SRFFT5MN656553","2021","Ram","Pickup 1500","Big Horn","40638","32400","","https://smartauctionlogin.com/ui/vehicles/3dad2e17-d82f-4f07-a832-c469607c5f17"
"1C6SRFJT5MN751962","2021","Ram","Pickup 1500","Laramie","36213","37600","","https://smartauctionlogin.com/ui/vehicles/8a2fa2c8-eb06-4727-9268-6eb5499f2c00"
"1C6SRFJT2NN262503","2022","Ram","Pickup 1500","Laramie","37356","40100","","https://smartauctionlogin.com/ui/vehicles/135bdfe2-4d5d-4fc0-bedd-c1037c95cfac"
"1C6SRFHT9KN559009","2019","Ram","Pickup 1500","Limited","82433","32300","","https://smartauctionlogin.com/ui/vehicles/e27e8080-920e-41f2-b8bd-accac9e154f4"
"1C6SRFMT2NN163790","2022","Ram","Pickup 1500","Big Horn","22289","36600","","https://smartauctionlogin.com/ui/vehicles/96bfaa2f-5371-4040-8867-500e7e10a785"
"1C6SRFBT4MN781663","2021","Ram","Pickup 1500","Big Horn","28030","31100","","https://smartauctionlogin.com/ui/vehicles/1e120de0-9aca-42be-aa16-31c5051fadf0"
"1C6SRFFT0MN715735","2021","Ram","Pickup 1500","Big Horn","51063","32600","","https://smartauctionlogin.com/ui/vehicles/4f468f0b-f71a-418b-89c3-630cb89153d4"
"1C6SRFFT9MN675090","2021","Ram","Pickup 1500","Big Horn","47547","35900","","https://smartauctionlogin.com/ui/vehicles/8bd57346-d047-46f5-80d2-6136fef2f9be"
"1C6SRFFT3LN394434","2020","Ram","Pickup 1500","Big Horn","72317","32300","","https://smartauctionlogin.com/ui/vehicles/94ab231e-715a-49bd-ac8d-9406bca39c85"
"1C6RR7GG5JS311011","2018","Ram","Pickup 1500","Big Horn","46782","22200","","https://smartauctionlogin.com/ui/vehicles/c6dc615f-a669-4097-87c3-734187bb27db"
"1C6SRFLT9MN551468","2021","Ram","Pickup 1500","Rebel","69170","42400","","https://smartauctionlogin.com/ui/vehicles/93b06e18-cd8b-467c-a700-cd75f5876c94"
"5FNYF6H5XJB040223","2018","Honda","Pilot","EX-L","90528","18400","","https://smartauctionlogin.com/ui/vehicles/ec613fce-0815-4980-a09e-4c62372ccb08"
"5FNYF6H02MB003613","2021","Honda","Pilot","Elite","43947","32700","","https://smartauctionlogin.com/ui/vehicles/f8cc5725-e00d-484f-9fc5-85b4dccd44a5"
"3C6TRVDG2KE563382","2019","Ram","ProMaster 2500","Trim Unspecified","86092","12500","","https://smartauctionlogin.com/ui/vehicles/b6a2c649-bdf1-494f-ad7b-fab15d00b071"
"3C6LRVDG8NE123266","2022","Ram","ProMaster 2500","Trim Unspecified","38510","26500","","https://smartauctionlogin.com/ui/vehicles/da9ffe27-d9d3-497d-b132-7998e8a2b4fb"
"3C6MRVJGXME568101","2021","Ram","ProMaster 3500","Trim Unspecified","74666","20700","","https://smartauctionlogin.com/ui/vehicles/366cdcd1-8947-4f2b-b713-89bbd95c4d8a"
"ZFBHRFABXN6W64843","2022","Ram","ProMaster City","Tradesman","62233","19500","","https://smartauctionlogin.com/ui/vehicles/74e6434b-bb0e-43a6-98ab-358a83405fb5"
"3PCAJ5M38KF103240","2019","Infiniti","QX50","ESSENTIAL","56128","18100","","https://smartauctionlogin.com/ui/vehicles/243634c6-88de-43e9-a7a1-d9f61282d273"
"5N1DL0MN9KC553435","2019","Infiniti","QX60","LUXE","103406","13100","","https://smartauctionlogin.com/ui/vehicles/5de55264-c9a6-489a-9a42-aef18b63afb1"
"5N1DL0MN5KC566862","2019","Infiniti","QX60","PURE","65838","17100","","https://smartauctionlogin.com/ui/vehicles/ed1e656e-1330-404c-8af1-d512f7a51c80"
"SALWR2RE0KA857547","2019","Land Rover","Range Rover Sport","Dynamic","85471","31200","","https://smartauctionlogin.com/ui/vehicles/130edba5-a17b-4cab-bd4b-525fb8fd0f1d"
"1FTER4HH6RLE28325","2024","Ford","Ranger","XLT","4191","47900","","https://smartauctionlogin.com/ui/vehicles/0602e210-069b-4b28-a951-82a47f34b028"
"2T3H1RFV7MC144123","2021","Toyota","RAV4","LE","39532","21100","","https://smartauctionlogin.com/ui/vehicles/080cd686-61a9-42b3-b072-0b1650b8b3b7"
"2T3F1RFV4MC152526","2021","Toyota","RAV4","LE","29652","26600","","https://smartauctionlogin.com/ui/vehicles/7a091d81-f1c3-42ea-88a7-386b0662ad19"
"2T3J1RFV2LC101194","2020","Toyota","RAV4","Adventure","85103","27000","","https://smartauctionlogin.com/ui/vehicles/1e6ac547-d629-47d8-9b36-c56f75d289b4"
"ZACNJDBB8MPM45558","2021","Jeep","Renegade","Latitude","45677","15300","","https://smartauctionlogin.com/ui/vehicles/10820220-2e67-4409-900e-35a7f1b96778"
"ZACNJDB11MPM92826","2021","Jeep","Renegade","Latitude","15926","17700","","https://smartauctionlogin.com/ui/vehicles/59c1c723-46dd-4cd7-abcd-fb78fe274cd6"
"ZACNJDBB7MPN32366","2021","Jeep","Renegade","80th Anniversary","31611","16500","","https://smartauctionlogin.com/ui/vehicles/7978a715-176a-4380-aa42-dd838e5cf66f"
"ZACNJDBB1MPN32962","2021","Jeep","Renegade","Latitude","25534","17000","","https://smartauctionlogin.com/ui/vehicles/e05fed20-5746-4dc9-8503-a7b8ab439924"
"ZACNJDBB1MPN20360","2021","Jeep","Renegade","Latitude","28237","17100","","https://smartauctionlogin.com/ui/vehicles/39ec9c8f-3f9e-4023-9818-76d493f10153"
"ZACNJDD1XMPN32740","2021","Jeep","Renegade","Limited","28419","18800","","https://smartauctionlogin.com/ui/vehicles/dbe4b878-94cc-428a-bd71-e2a60db45aa5"
"ZACNJDD16MPN35019","2021","Jeep","Renegade","Limited","14628","20500","","https://smartauctionlogin.com/ui/vehicles/cbe564bc-85ce-4024-8021-f3e380aff5dd"
"KNMAT2MV7JP610371","2018","Nissan","Rogue","SV","108772","8000","","https://smartauctionlogin.com/ui/vehicles/7414b92e-05e1-4e6d-9126-5cb61efe8001"
"5N1AT2MV5JC803797","2018","Nissan","Rogue","SV","109862","10100","","https://smartauctionlogin.com/ui/vehicles/76a4744e-7cd4-4957-9ded-2326a729bbee"
"5N1AT3BB3MC749984","2021","Nissan","Rogue","SV","30478","22900","","https://smartauctionlogin.com/ui/vehicles/374d43e4-e7a0-48a8-baac-5f4183efb9ea"
"5N1AT3BB6MC710113","2021","Nissan","Rogue","SV","51867","21600","","https://smartauctionlogin.com/ui/vehicles/99350982-2120-480c-9e92-a27b0bef2f02"
"5N1BT3AA2PC910925","2023","Nissan","Rogue","S","17686","23000","","https://smartauctionlogin.com/ui/vehicles/03b048dd-7a6e-48df-95bf-c275afd4efcb"
"5N1AT2MV4LC721384","2020","Nissan","Rogue","S","46381","18400","","https://smartauctionlogin.com/ui/vehicles/1b3120e4-d6f6-418a-8799-4a43ebd249f2"
"JN1BJ1CW6MW669603","2021","Nissan","Rogue Sport","SL","21851","23500","","https://smartauctionlogin.com/ui/vehicles/e984ea34-a5e3-4fcb-bd28-7e1b231e2e12"
"5NTJDDAF2NH023990","2022","Hyundai","Santa Cruz","SEL Premium","36837","22900","","https://smartauctionlogin.com/ui/vehicles/725368c7-c1c0-45de-873c-27d675344acb"
"5NMS53AA6KH031095","2019","Hyundai","Santa Fe","Ultimate","92971","16400","","https://smartauctionlogin.com/ui/vehicles/be44cbf1-4ecf-4860-9639-2b51b2e1c38d"
"5NMS2DAJ8PH503884","2023","Hyundai","Santa Fe","SEL","25336","25300","","https://smartauctionlogin.com/ui/vehicles/a2aad461-b424-4d6b-9090-7eba9ad2e119"
"KNDETCA71R7521341","2024","Kia","Seltos","SX","16478","28000","","https://smartauctionlogin.com/ui/vehicles/33862798-f74a-48cd-add6-e5c7ff6d50f3"
"3N1AB8DV3MY329535","2021","Nissan","Sentra","SR","19469","17900","","https://smartauctionlogin.com/ui/vehicles/7e9c7411-f283-45bb-8730-129485c815ec"
"3N1AB8BVXRY211394","2024","Nissan","Sentra","S","6711","19100","","https://smartauctionlogin.com/ui/vehicles/9cd20ea4-ad37-42b6-874b-e21e29af7738"
"3N1AB7AP2KY223378","2019","Nissan","Sentra","S","49777","11800","","https://smartauctionlogin.com/ui/vehicles/19bf399a-e20a-46e6-9703-1353e920b79c"
"3GTUUGEL3NG662076","2022","GMC","Sierra 1500","Denali","48938","59200","","https://smartauctionlogin.com/ui/vehicles/f9b969a6-f7be-4732-b370-eab10ed79550"
"3GTUUGED4RG306041","2024","GMC","Sierra 1500","Denali","17583","71000","","https://smartauctionlogin.com/ui/vehicles/15584dbb-383c-4c12-9e2b-062e7193aa1e"
"1GTU9FEL4NZ139743","2022","GMC","Sierra Limited","Denali","39511","44800","","https://smartauctionlogin.com/ui/vehicles/2d235595-14dd-4233-a43a-2cb1c616d6b6"
"1GCUYDED7NZ104565","2022","Chevrolet","Silverado 1500","LT","41752","34400","","https://smartauctionlogin.com/ui/vehicles/2b3a7353-e069-44d1-a657-467ee718358e"
"1GCPYBEK7NZ142474","2022","Chevrolet","Silverado 1500","Custom","36193","30800","","https://smartauctionlogin.com/ui/vehicles/c6a2d293-2548-4a15-9e2d-b21a0adc0d9e"
"1GCPDBEK3NZ589346","2022","Chevrolet","Silverado 1500","Custom","34218","35000","","https://smartauctionlogin.com/ui/vehicles/dfb6158e-d715-41eb-bb08-80c724371b92"
"1GCUYEED1MZ338110","2021","Chevrolet","Silverado 1500","RST","76879","36000","","https://smartauctionlogin.com/ui/vehicles/fc2bdb00-aca9-4299-84a2-b54e62795445"
"3GCPWDED5KG120813","2019","Chevrolet","Silverado 1500","RST","57840","32300","","https://smartauctionlogin.com/ui/vehicles/d0851f12-a729-47e5-a740-6957f9cd2916"
"1GCUYGET5MZ125101","2021","Chevrolet","Silverado 1500","LTZ","43743","45100","","https://smartauctionlogin.com/ui/vehicles/f3f091ab-f83a-4f0a-bd95-2b01629f9f7c"
"1HTKHPVM9LH292732","2020","Chevrolet","Silverado 6500HD","Work Truck","34211","39700","","https://smartauctionlogin.com/ui/vehicles/40c16f95-3bc8-4eaa-8aae-a3da9c17b2c2"
"5NPE34AF4KH770490","2019","Hyundai","Sonata","Limited","78853","11600","","https://smartauctionlogin.com/ui/vehicles/b66023f1-0e4e-432e-ac66-42f950a8da02"
"KMHL64JAXPA268015","2023","Hyundai","Sonata","SEL","26727","21100","","https://smartauctionlogin.com/ui/vehicles/9b149a3f-f71d-4de6-b17e-bc0e90501884"
"KMHL14JA7NA185377","2022","Hyundai","Sonata","SEL","62900","19100","","https://smartauctionlogin.com/ui/vehicles/31645a13-2282-46f9-a6ea-fc079629aede"
"1G1JD6SB7L4120927","2020","Chevrolet","Sonic","LT","89921","7400","","https://smartauctionlogin.com/ui/vehicles/4f2f60bc-08d8-41c3-97f3-bb9ae3de39c4"
"5XYRH4LF7MG033049","2021","Kia","Sorento","EX","52011","23700","","https://smartauctionlogin.com/ui/vehicles/86247f25-c1e9-482e-a537-c9b5c6771cdf"
"5XYRKDLF4PG206385","2023","Kia","Sorento","SX","30985","36500","","https://smartauctionlogin.com/ui/vehicles/83b027c3-5c33-4cb8-8be6-3e10f80611e4"
"KL8CB6SAXNC028676","2022","Chevrolet","Spark","LS","32312","11400","","https://smartauctionlogin.com/ui/vehicles/728de7d5-dced-4c69-a51f-c4d3dd34b22b"
"KNDPM3AC6M7912285","2021","Kia","Sportage","LX","39170","16300","","https://smartauctionlogin.com/ui/vehicles/9e4423b3-510b-4091-8831-ae32d6f6ecfe"
"KNDPM3AC8M7877541","2021","Kia","Sportage","LX","50570","15600","","https://smartauctionlogin.com/ui/vehicles/885b042f-762c-4451-a24d-2dd87f9be9be"
"W1W4EBHY6LT033634","2020","Mercedes-Benz","Sprinter 2500","Trim Unspecified","29989","25300","","https://smartauctionlogin.com/ui/vehicles/ec7d1185-b3e1-43bf-a164-83c51f5eef54"
"WA1A4AFY8J2062192","2018","Audi","SQ5","Premium Plus","91979","20100","","https://smartauctionlogin.com/ui/vehicles/e0c9b7d5-2792-42db-8256-e8b34b717b4b"
"ZASPAKBN4N7D32514","2022","Alfa Romeo","Stelvio","Ti","37750","24500","25200","https://smartauctionlogin.com/ui/vehicles/38c21220-6360-4905-a5a9-2547d941ae45"
"ZASPAKBN2N7D43253","2022","Alfa Romeo","Stelvio","Ti","22675","26900","27700","https://smartauctionlogin.com/ui/vehicles/fe7c63ac-6738-4628-ab6e-9192804ea1c1"
"ZASPAKBN6P7D54484","2023","Alfa Romeo","Stelvio","Veloce","33037","33000","34000","https://smartauctionlogin.com/ui/vehicles/efa7ed13-3356-4876-a5c7-25fc89a8b040"
"3TMCZ5AN3NM472904","2022","Toyota","Tacoma","TRD Off Road","33093","34400","","https://smartauctionlogin.com/ui/vehicles/6051d002-5f92-42a7-bde4-a0ad1ed39659"
"3TMDZ5BNXMM116077","2021","Toyota","Tacoma","TRD Off Road","26363","34200","","https://smartauctionlogin.com/ui/vehicles/4cda7464-e420-413c-a7d1-fa4e1562cb90"
"3TYCZ5AN0NT091581","2022","Toyota","Tacoma","TRD Off Road","38889","36300","","https://smartauctionlogin.com/ui/vehicles/7998c610-77c8-448a-8222-6cfd679c6bde"
"3TMGZ5AN3NM513470","2022","Toyota","Tacoma","Limited","27732","40400","","https://smartauctionlogin.com/ui/vehicles/f51a7fe1-d776-4982-8151-26e32ee9c893"
"3TMCZ5AN9NM486872","2022","Toyota","Tacoma","Trim Unspecified","27068","34100","","https://smartauctionlogin.com/ui/vehicles/da3822fc-734a-4cf8-8ff2-d3cd9af7a1a3"
"3TMCZ5AN4NM474225","2022","Toyota","Tacoma","Trim Unspecified","21621","35300","","https://smartauctionlogin.com/ui/vehicles/0ba0bd2d-cd7d-4fe0-aba5-42265ac15e8d"
"3TMCZ5AN3NM477231","2022","Toyota","Tacoma","Trim Unspecified","34076","34200","","https://smartauctionlogin.com/ui/vehicles/5031fd77-b37b-4c91-a074-fccc6cc817bd"
"3TMCZ5ANXNM481969","2022","Toyota","Tacoma","Trim Unspecified","32863","35000","","https://smartauctionlogin.com/ui/vehicles/2fe0c984-9126-45ee-af32-a25fa4a5ffa3"
"3TMCZ5AN1MM435185","2021","Toyota","Tacoma","SR5","39811","35700","","https://smartauctionlogin.com/ui/vehicles/be52943a-6114-4fa5-a852-3549e1708a8b"
"1GNSKNKD3MR492029","2021","Chevrolet","Tahoe","LT","38924","43200","","https://smartauctionlogin.com/ui/vehicles/f8b57041-2efa-46d5-9995-5b04d9d2742d"
"3VV2B7AX6JM142778","2018","Volkswagen","Tiguan","Trim Unspecified","100087","10900","","https://smartauctionlogin.com/ui/vehicles/d591bd9e-e3b8-410d-9948-5b3a2387a45f"
"3VV2B7AX2NM068104","2022","Volkswagen","Tiguan","SE","36677","21400","","https://smartauctionlogin.com/ui/vehicles/029486a6-cdd7-45b0-8466-0e9670cf4660"
"3VV2B7AX1LM103504","2020","Volkswagen","Tiguan","Trim Unspecified","73892","15500","","https://smartauctionlogin.com/ui/vehicles/775e2454-e974-4060-b964-0fd8da8cc1e8"
"3VVNB7AX7PM074691","2023","Volkswagen","Tiguan","SE","26501","24800","","https://smartauctionlogin.com/ui/vehicles/d80b7f0f-97e6-4d36-9328-7a42ae67903b"
"NM0GE9F29K1411825","2019","Ford","Transit Connect","XLT","54099","15000","","https://smartauctionlogin.com/ui/vehicles/86995bf8-6f5a-44ae-9b1b-19d1291adbf0"
"1GNEVFKW7NJ117465","2022","Chevrolet","Traverse","LS","28188","25700","","https://smartauctionlogin.com/ui/vehicles/1f495a3e-984b-4ff7-bfd9-6c198ec31d70"
"1GNEVKKW3NJ176103","2022","Chevrolet","Traverse","Premier","59435","34700","","https://smartauctionlogin.com/ui/vehicles/f946a0ab-d51b-4190-84e7-b0a9a60485c5"
"1GNEVKKW6PJ341905","2023","Chevrolet","Traverse","Premier","19994","46500","","https://smartauctionlogin.com/ui/vehicles/70a9eafd-9781-495a-80ba-6b30ae0be8c3"
"KL77LJE22RC132417","2024","Chevrolet","Trax","2RS","10500","27500","","https://smartauctionlogin.com/ui/vehicles/8eca10e6-0c2d-4abb-8c6b-7a3822ab0202"
"KMHRC8A35PU268790","2023","Hyundai","Venue","SEL","13420","19700","","https://smartauctionlogin.com/ui/vehicles/027a21fb-4c00-4e11-9795-d384e47b1bde"
"3N1CN8FV1LL843943","2020","Nissan","Versa","SR","61174","11400","","https://smartauctionlogin.com/ui/vehicles/44d8a9d2-00ce-4688-b675-5a8ac0789a76"
"1C4SJVBT0NS107605","2022","Jeep","Wagoneer","Series II","49281","36600","","https://smartauctionlogin.com/ui/vehicles/7640beaa-53da-4bd7-b19d-9609c4bf5f26"
"1C4SJVBT1NS124414","2022","Jeep","Wagoneer","Series II","71993","37200","","https://smartauctionlogin.com/ui/vehicles/50f52109-0109-4778-a357-3d05ae0ed466"
"1C4GJXAN2MW566971","2021","Jeep","Wrangler","Sport S","58676","23100","","https://smartauctionlogin.com/ui/vehicles/e2906d76-0451-4b46-b6d6-61ac843b997e"
"1C4HJXAG6MW500977","2021","Jeep","Wrangler","Willys","43156","25600","","https://smartauctionlogin.com/ui/vehicles/e2fb2fb7-c6f1-44f2-9cc1-b108c7c4eeea"
"1C4GJXAG2LW263253","2020","Jeep","Wrangler","Sport S","44630","25300","","https://smartauctionlogin.com/ui/vehicles/a947ebb3-65cc-4c52-83bb-d3c9cc3d618a"
"1C4RJXN62RW147568","2024","Jeep","Wrangler 4xe","Willys","6330","36600","","https://smartauctionlogin.com/ui/vehicles/8f1c9931-6805-4a9b-b203-2b8be05a3837"
"1C4JJXR69PW577120","2023","Jeep","Wrangler 4xe","Rubicon","14964","48300","","https://smartauctionlogin.com/ui/vehicles/da64be80-189d-4261-9698-838cf60e5ded"
"1C4JJXP64PW553438","2023","Jeep","Wrangler 4xe","Sahara","29132","43500","","https://smartauctionlogin.com/ui/vehicles/00d8199d-2706-48f6-b8ad-ff165c1403e7"
"1C4JJXP62PW557407","2023","Jeep","Wrangler 4xe","Sahara","23541","45200","","https://smartauctionlogin.com/ui/vehicles/d7d627d1-bb94-42ad-91ef-9aa668823bed"
"1C4HJXDN4NW115431","2022","Jeep","Wrangler Unlimited","Unlimited Sport Altitude","41729","26200","","https://smartauctionlogin.com/ui/vehicles/e29e93cc-b83c-4df0-9618-e5f43f72c643"
"1C4HJXFG9MW528457","2021","Jeep","Wrangler Unlimited","Unlimited Rubicon","69397","30700","","https://smartauctionlogin.com/ui/vehicles/452d8119-5e9b-4819-8415-3195b1433502"
"1C4HJXDN1NW113314","2022","Jeep","Wrangler Unlimited","Unlimited Willys","55666","25600","","https://smartauctionlogin.com/ui/vehicles/1f3120d2-a1ff-4e76-ace6-072fd4bba7e9"
"1C4HJXEN4MW597119","2021","Jeep","Wrangler Unlimited","Unlimited Sahara","48254","29800","","https://smartauctionlogin.com/ui/vehicles/ccb50220-cbaa-41ec-9cfd-2779b5d89189"
"1C4HJXEG6MW855657","2021","Jeep","Wrangler Unlimited","Unlimited Sahara","37886","31500","","https://smartauctionlogin.com/ui/vehicles/83f06229-5208-4b0f-b5c3-e6789eddcb1e"
"1C4HJXEN8MW759897","2021","Jeep","Wrangler Unlimited","Unlimited Sahara High Altitude","33542","32300","","https://smartauctionlogin.com/ui/vehicles/1dd6b1cd-c7fa-4b75-b3d1-a9426e363b06"
"1C4HJXFN8MW571461","2021","Jeep","Wrangler Unlimited","Unlimited Rubicon","10909","36900","","https://smartauctionlogin.com/ui/vehicles/693a110e-11c4-4963-9327-d74fed48e304"
"1C4HJXEN5MW638616","2021","Jeep","Wrangler Unlimited","Unlimited Sahara High Altitude","51738","30500","","https://smartauctionlogin.com/ui/vehicles/c48d6bc3-ea6a-4064-9f39-b17614f4cf41"
"1C4JJXP63NW171480","2022","Jeep","Wrangler Unlimited","Unlimited Sahara","54980","28700","","https://smartauctionlogin.com/ui/vehicles/67b0e6a4-97bc-453d-8637-f0939d460e1f"
"1C4HJXFG6MW661211","2021","Jeep","Wrangler Unlimited","Unlimited Rubicon","26828","36400","","https://smartauctionlogin.com/ui/vehicles/82ee539e-3248-406d-b24c-c17ad2b98fd2"
"1C4HJXEGXNW165511","2022","Jeep","Wrangler Unlimited","Unlimited Sahara","14139","35800","","https://smartauctionlogin.com/ui/vehicles/736b5d29-93d5-42f9-ae14-1491613811dc"
"1C4HJXEN2MW761936","2021","Jeep","Wrangler Unlimited","Unlimited Sahara","59668","29500","","https://smartauctionlogin.com/ui/vehicles/bab76052-8ccb-4c9c-91b6-76c816ff1ec7"
"1C4HJXEN0MW654285","2021","Jeep","Wrangler Unlimited","Unlimited Sahara","29453","32100","","https://smartauctionlogin.com/ui/vehicles/a633515f-7586-4f5a-9bdb-d315977d4db3"
"1C4HJXEN7JW329824","2018","Jeep","Wrangler Unlimited","Sahara","77365","23500","","https://smartauctionlogin.com/ui/vehicles/195d1f18-9cdc-4c7b-a097-1da92f30f3aa"
"1C4HJXEN8MW618313","2021","Jeep","Wrangler Unlimited","Unlimited Sahara High Altitude","40162","32000","","https://smartauctionlogin.com/ui/vehicles/55a1a9f6-9af9-42cd-aabe-9cefff8134dc"
"1C4HJXDN4NW254006","2022","Jeep","Wrangler Unlimited","Unlimited Sport","37069","27900","","https://smartauctionlogin.com/ui/vehicles/f218906d-ae9e-43a8-9a98-1f52d27ee2d5"
"1C4HJXDN0MW576088","2021","Jeep","Wrangler Unlimited","Unlimited Willys","33390","28000","","https://smartauctionlogin.com/ui/vehicles/4145a8ec-42cd-4ed9-83e4-721c09b09408"
"1C4HJXDN4MW833043","2021","Jeep","Wrangler Unlimited","Unlimited Willys","42108","27500","","https://smartauctionlogin.com/ui/vehicles/733e2c52-38cd-44ea-a779-9b96e59a415a"
"1C4HJXDG5MW542696","2021","Jeep","Wrangler Unlimited","Unlimited Sport S","103040","22200","","https://smartauctionlogin.com/ui/vehicles/49f752ff-a1d8-4cf1-afb4-4676f3ed7449"
"1C4HJXDG5MW837619","2021","Jeep","Wrangler Unlimited","Unlimited Willys","45002","27700","","https://smartauctionlogin.com/ui/vehicles/f2b75cd3-5835-4827-a81f-cb2036018334"
"1C4HJXDNXMW568354","2021","Jeep","Wrangler Unlimited","Unlimited Sport S","23554","29100","","https://smartauctionlogin.com/ui/vehicles/225748cb-f269-4567-b0e2-0da83c83dd77"
"1C4HJXDG0MW626392","2021","Jeep","Wrangler Unlimited","Unlimited Sport S","45870","27800","","https://smartauctionlogin.com/ui/vehicles/388ea3f8-5edb-4c7c-9515-579ee7c51a1f"
"1C4HJXDG9JW268267","2018","Jeep","Wrangler Unlimited","Sport S","64647","22100","","https://smartauctionlogin.com/ui/vehicles/074d36db-0996-4022-96d0-84067394f74c"
"1C4HJXDN9MW852249","2021","Jeep","Wrangler Unlimited","Unlimited Sport S","20247","29700","","https://smartauctionlogin.com/ui/vehicles/fd3a0793-6bfa-4542-b92c-5db09b562ce6"
"1C4HJXDN5MW636950","2021","Jeep","Wrangler Unlimited","Unlimited Sport S","45329","27600","","https://smartauctionlogin.com/ui/vehicles/101ef5f5-a307-457d-abbe-85aa46bc3cc7"
"1C4HJXDN4MW784510","2021","Jeep","Wrangler Unlimited","Unlimited Sport Altitude","40910","27500","","https://smartauctionlogin.com/ui/vehicles/a7e43a09-f3db-428c-9a8d-4a6df74b2268"
"1C4JJXP67NW198584","2022","Jeep","Wrangler Unlimited","Unlimited Sahara","26328","33100","","https://smartauctionlogin.com/ui/vehicles/b6c43994-fbc0-4106-85d4-ff4a4b6dd8b0"
"1C4JJXP66MW676587","2021","Jeep","Wrangler Unlimited","Unlimited Sahara","40683","30200","","https://smartauctionlogin.com/ui/vehicles/6f738e58-fd61-4fb8-b009-156b67b54895"
"1C4HJXDG1MW784529","2021","Jeep","Wrangler Unlimited","Unlimited Sport S","35052","29500","","https://smartauctionlogin.com/ui/vehicles/ded3c764-bffa-42a4-9e1c-865c148fbec2"
"1C4HJXDG1MW513468","2021","Jeep","Wrangler Unlimited","Unlimited Sport S","37611","29300","","https://smartauctionlogin.com/ui/vehicles/9fa43cbf-54bf-43bf-99de-1498cd6f837e"
"1C4HJXDG5MW524134","2021","Jeep","Wrangler Unlimited","Unlimited Sport S","15524","31700","","https://smartauctionlogin.com/ui/vehicles/928027c2-fbfb-4902-bfdd-a52b5317ad54"
"1C4HJXDG0MW717940","2021","Jeep","Wrangler Unlimited","Unlimited Willys Sport","30116","29600","","https://smartauctionlogin.com/ui/vehicles/af87d81b-0b36-4314-820d-8b41b26a5053"
"1C4HJXDN7MW858292","2021","Jeep","Wrangler Unlimited","Unlimited Sport Altitude","44169","27800","","https://smartauctionlogin.com/ui/vehicles/9df351f3-36ed-4c40-937a-0f4fee562fd7"
"1C4HJXDG3JW127064","2018","Jeep","Wrangler Unlimited","Sport S","38144","25500","","https://smartauctionlogin.com/ui/vehicles/a2ae0002-ec6c-4a06-a10c-9c6ab96868c1"
"1C4HJXDG9NW206535","2022","Jeep","Wrangler Unlimited","Unlimited Willys","23959","31600","","https://smartauctionlogin.com/ui/vehicles/98ed82ab-fc05-4244-9982-351c43bca877"
"1C4HJXDN2MW859804","2021","Jeep","Wrangler Unlimited","Unlimited Sport Altitude","19919","30400","","https://smartauctionlogin.com/ui/vehicles/3b172d12-c3e5-4fff-a615-584dd3da4a49"
"1C4JJXP67NW198696","2022","Jeep","Wrangler Unlimited","Unlimited Sahara","16146","35300","","https://smartauctionlogin.com/ui/vehicles/18fe3ba6-bf23-4504-aa7e-4f2e128aa801"
"1C4HJXDG2NW190095","2022","Jeep","Wrangler Unlimited","Unlimited Willys","23651","32300","","https://smartauctionlogin.com/ui/vehicles/038ff986-84ea-4d57-9211-1d3bb4378a71"
"1C4JJXR69NW269460","2022","Jeep","Wrangler Unlimited","Unlimited Rubicon","16385","39900","","https://smartauctionlogin.com/ui/vehicles/64779608-c62e-465f-9e64-b861c5d78379"
"1GKS2FKD4NR207049","2022","GMC","Yukon XL","SLE","35381","45600","","https://smartauctionlogin.com/ui/vehicles/6926bb62-4a5b-475e-a518-c0ba7f1ab6d1"